"country_code","region","end_year","rur","wombmi_cat","wom_weight","wom_height","wom_bmi","n"
"BD","barisal",2014,0,1,52.8484039306641,150.95393371582,23.1512317657471,667137.978820801
"BD","barisal",2014,0,2,75.7469024658203,153.90869140625,31.9142627716064,49295.1298217773
"BD","barisal",2014,0,3,84.3934783935547,151.47639465332,36.7388877868652,41543.0569152832
"BD","barisal",2014,0,,,149.300003051758,,5384.89453125
"BD","chittagong",2014,0,1,52.0518608093262,150.653945922852,22.8905239105225,2211610.81860352
"BD","chittagong",2014,0,2,74.2716903686523,151.930938720703,32.1435966491699,199483.438598633
"BD","chittagong",2014,0,3,79.902587890625,148.987365722656,35.879753112793,35230.9384765625
"BD","chittagong",2014,0,4,104.06160736084,155.048965454102,43.2884521484375,7485.88525390625
"BD","chittagong",2014,0,,,,,35710.1833496094
"BD","dhaka",2014,0,1,52.2890357971191,151.0556640625,22.8790245056152,5005244.26318359
"BD","dhaka",2014,0,2,73.0847015380859,151.797149658203,31.6673011779785,371069.21484375
"BD","dhaka",2014,0,3,84.2524719238281,150.846008300781,36.9480056762695,61812.7573242188
"BD","dhaka",2014,0,4,88.4330673217773,140.946334838867,44.4402313232422,19186.7861328125
"BD","dhaka",2014,0,,,,,47413.474609375
"BD","khulna",2014,0,1,52.9121704101563,151.949371337891,22.8835868835449,993957.112304688
"BD","khulna",2014,0,2,73.4482650756836,152.789215087891,31.4283561706543,72289.612487793
"BD","khulna",2014,0,3,85.8641510009766,153.507873535156,36.4053840637207,9267.44311523438
"BD","khulna",2014,0,4,90.4000015258789,149.600006103516,40.3899993896484,795.248291015625
"BD","khulna",2014,0,,,,,6299.93518066406
"BD","rajshahi",2014,0,1,52.092227935791,151.54524230957,22.6572685241699,980676.990844727
"BD","rajshahi",2014,0,2,72.3467636108398,151.363739013672,31.5345764160156,73762.0883789063
"BD","rajshahi",2014,0,3,85.308952331543,151.488250732422,37.1383476257324,9165.25634765625
"BD","rajshahi",2014,0,4,117.900001525879,161.199996948242,45.3699989318848,1522.36145019531
"BD","rajshahi",2014,0,,37.5,,,7347.32104492188
"BD","rangpur",2014,0,1,51.9077186584473,151.111450195313,22.6798152923584,686501.940490723
"BD","rangpur",2014,0,2,74.0870132446289,151.944427490234,32.0164756774902,46042.8306884766
"BD","rangpur",2014,0,3,86.123908996582,153.810073852539,36.3959274291992,7278.91241455078
"BD","rangpur",2014,0,4,105.61515045166,156.265151977539,43.153938293457,1798.04547119141
"BD","rangpur",2014,0,,63.2999992370605,,,8962.80895996094
"BD","sylhet",2014,0,1,48.95166015625,150.619903564453,21.5576934814453,500045.233581543
"BD","sylhet",2014,0,2,73.0791931152344,151.013854980469,31.9927864074707,30454.6885070801
"BD","sylhet",2014,0,3,84.8878402709961,150.705352783203,37.3675117492676,3226.22052001953
"BD","sylhet",2014,0,4,93.3000030517578,149.699996948242,41.6300010681152,1884.44921875
"BD","sylhet",2014,0,,47.7000007629395,,,15712.7069091797
"BD","barisal",2014,1,1,47.561653137207,150.845947265625,20.8827152252197,1866562.03063965
"BD","barisal",2014,1,2,71.8621139526367,149.922897338867,31.9338684082031,24425.6064453125
"BD","barisal",2014,1,3,84.0050811767578,152.47966003418,36.1430511474609,2260.96960449219
"BD","barisal",2014,1,4,98,151.600006103516,42.6399993896484,1320.38586425781
"BD","barisal",2014,1,,46.8358535766602,157.926727294922,,30217.3542480469
"BD","chittagong",2014,1,1,49.9211120605469,151.301086425781,21.7728576660156,5261424.84814453
"BD","chittagong",2014,1,2,72.4992294311523,151.147811889648,31.6812744140625,154982.974243164
"BD","chittagong",2014,1,3,84.3011856079102,152.464691162109,36.2027587890625,21976.5766601563
"BD","chittagong",2014,1,4,104.5,160.800003051758,40.4199981689453,2130.07421875
"BD","chittagong",2014,1,,41.4703712463379,152.300003051758,,57417.2513427734
"BD","dhaka",2014,1,1,48.8888778686523,150.796646118164,21.4596519470215,9236241.578125
"BD","dhaka",2014,1,2,71.3846282958984,150.699981689453,31.4107780456543,215463.125976563
"BD","dhaka",2014,1,3,79.1623687744141,148.593078613281,35.8190574645996,21925.5
"BD","dhaka",2014,1,4,55.4000015258789,104.900001525879,50.3499984741211,4519.82421875
"BD","dhaka",2014,1,,38.2310676574707,186.899993896484,,77398.6186523438
"BD","khulna",2014,1,1,50.9972686767578,151.629455566406,22.1593837738037,3224616.56506348
"BD","khulna",2014,1,2,74.4832382202148,152.826187133789,31.8566303253174,113482.348022461
"BD","khulna",2014,1,3,86.9260864257813,153.917388916016,36.6513023376465,8772.33776855469
"BD","khulna",2014,1,4,96.7161331176758,148.112930297852,44.0987358093262,4987.24011230469
"BD","khulna",2014,1,,25.5,159,,12380.3645019531
"BD","rajshahi",2014,1,1,49.0220603942871,151.109329223633,21.4370784759521,3871563.9552002
"BD","rajshahi",2014,1,2,74.051643371582,152.857666015625,31.6633853912354,99849.9721679688
"BD","rajshahi",2014,1,3,90.5084381103516,156.969131469727,36.6823654174805,12960.3558349609
"BD","rajshahi",2014,1,4,75.5910110473633,131.713485717773,43.6229248046875,4055.49182128906
"BD","rajshahi",2014,1,,42.1299057006836,173.399993896484,,28318.6031494141
"BD","rangpur",2014,1,1,48.0968132019043,150.736053466797,21.1442737579346,4122627.63354492
"BD","rangpur",2014,1,2,74.0255661010742,152.970962524414,31.6129894256592,74014.3415527344
"BD","rangpur",2014,1,3,89.0999984741211,159.199996948242,35.1599998474121,2050.89672851563
"BD","rangpur",2014,1,,41.2000007629395,196.600006103516,,25676.4879150391
"BD","sylhet",2014,1,1,46.4091529846191,150.232345581055,20.5287132263184,2368571.98855591
"BD","sylhet",2014,1,2,72.8841934204102,151.720260620117,31.6219539642334,36734.9851074219
"BD","sylhet",2014,1,3,72.6545715332031,139.597793579102,36.741512298584,3631.7109375
"BD","sylhet",2014,1,4,90,147,41.6500015258789,1296.2197265625
"BD","sylhet",2014,1,,40.1837615966797,184.5,,20001.0844726563
"ET","addisadaba",2016,0,1,54.9132232666016,156.592102050781,22.3679447174072,1276696.45368958
"ET","addisadaba",2016,0,2,77.4982452392578,156.208312988281,31.7236232757568,86805.1206207275
"ET","addisadaba",2016,0,3,89.4020156860352,156.540908813477,36.4457740783691,22148.2919311523
"ET","addisadaba",2016,0,4,106.100769042969,152.943572998047,45.454833984375,2237.00329589844
"ET","addisadaba",2016,0,,100.455642700195,131.570327758789,,92191.5130462646
"ET","afar",2016,0,1,50.9766120910645,156.518341064453,20.7995834350586,50922.5537567139
"ET","afar",2016,0,2,80.5466766357422,156.255599975586,32.9939308166504,2772.78688049316
"ET","afar",2016,0,,,,,2030.19717407227
"ET","amhara",2016,0,1,52.6653213500977,157.446395874023,21.2248287200928,1097618.16918945
"ET","amhara",2016,0,2,78.7499771118164,156.260848999023,32.121452331543,11334.0517578125
"ET","amhara",2016,0,3,100.199996948242,160.699996948242,38.7999992370605,3743.51171875
"ET","amhara",2016,0,,30.6000003814697,,,28331.1711425781
"ET","benishangul",2016,0,1,55.1928100585938,158.62825012207,21.905309677124,36950.6811828613
"ET","benishangul",2016,0,2,79.856819152832,159.204940795898,31.5388965606689,496.053115844727
"ET","benishangul",2016,0,,,,,4938.09337615967
"ET","diredawa",2016,0,1,55.4092483520508,158.07926940918,22.1505870819092,81719.9452362061
"ET","diredawa",2016,0,2,78.4234313964844,156.58854675293,31.9402637481689,6444.72250366211
"ET","diredawa",2016,0,3,96.5812683105469,159.584732055664,37.9113006591797,938.804550170898
"ET","diredawa",2016,0,4,122.286758422852,160.993209838867,46.9456176757813,292.036003112793
"ET","diredawa",2016,0,,,,,13218.9953079224
"ET","gambela",2016,0,1,53.4146842956543,161.669067382813,20.4366836547852,29568.3071861267
"ET","gambela",2016,0,2,73.1430587768555,151.069213867188,31.9606971740723,1011.68826675415
"ET","gambela",2016,0,3,88.4814987182617,158.009002685547,35.3853492736816,244.866035461426
"ET","gambela",2016,0,4,111.449996948242,161.5,42.620002746582,133.449905395508
"ET","gambela",2016,0,,57,,,1403.90161514282
"ET","harari",2016,0,1,55.3179244995117,157.563720703125,22.2724437713623,28485.6441421509
"ET","harari",2016,0,2,79.569709777832,158.568161010742,31.6072616577148,1854.90235137939
"ET","harari",2016,0,3,95.2826385498047,158.015441894531,38.225643157959,132.393474578857
"ET","harari",2016,0,,,,,4666.11977767944
"ET","oromia",2016,0,1,54.4606246948242,157.964385986328,21.8026371002197,1187852.4284668
"ET","oromia",2016,0,2,71.8225708007813,149.49072265625,31.9794826507568,76778.7900390625
"ET","oromia",2016,0,3,90.3835144042969,158.95573425293,35.7221832275391,21726.5322265625
"ET","oromia",2016,0,4,104.199996948242,153,44.5099983215332,9197.876953125
"ET","oromia",2016,0,,146.800003051758,155.5,,86414.5378417969
"ET","snnpr",2016,0,1,54.4780311584473,157.84033203125,21.8403129577637,609010.623291016
"ET","snnpr",2016,0,2,84.0461502075195,158.10498046875,33.6219062805176,17730.3527832031
"ET","snnpr",2016,0,3,93.5,160,36.5200004577637,3084.845703125
"ET","snnpr",2016,0,4,106.699996948242,163,40.1599998474121,3055.05102539063
"ET","snnpr",2016,0,,,,,44109.3464355469
"ET","somali",2016,0,1,56.3253746032715,160.630508422852,21.83669090271,117225.058624268
"ET","somali",2016,0,2,83.3399353027344,161.530288696289,31.9026641845703,9734.42213439941
"ET","somali",2016,0,3,101.775856018066,168.591125488281,35.8256149291992,1324.72384643555
"ET","somali",2016,0,4,100.400001525879,156.850006103516,40.7000007629395,1487.63903808594
"ET","somali",2016,0,,,,,8258.97805786133
"ET","tigray",2016,0,1,51.6906089782715,156.144439697266,21.1781425476074,409004.375305176
"ET","tigray",2016,0,2,78.5532836914063,158.309051513672,31.2769432067871,8462.16784667969
"ET","tigray",2016,0,,38.9000015258789,,,26583.8645019531
"ET","afar",2016,1,1,46.1630516052246,155.012634277344,19.1916007995605,140802.858657837
"ET","afar",2016,1,2,80.1394653320313,158.416534423828,31.9329853057861,183.8893699646
"ET","afar",2016,1,,44.670093536377,,,7217.85299682617
"ET","amhara",2016,1,1,48.6733818054199,155.67463684082,20.0574016571045,4720662.65649414
"ET","amhara",2016,1,4,61.0999984741211,119,43.1500015258789,2302.21362304688
"ET","amhara",2016,1,,42.9000015258789,,,45174.9887695313
"ET","benishangul",2016,1,1,50.1676406860352,156.932266235352,20.346851348877,196266.174423218
"ET","benishangul",2016,1,2,75.8746490478516,157.766754150391,30.4669857025146,670.308990478516
"ET","benishangul",2016,1,4,59.7000007629395,103.199996948242,56.060001373291,246.196105957031
"ET","benishangul",2016,1,,149,155.600006103516,,15657.0929031372
"ET","diredawa",2016,1,1,49.2798080444336,158.049179077148,19.6856117248535,39667.1845321655
"ET","diredawa",2016,1,2,79,159.699996948242,30.9799995422363,132.800765991211
"ET","diredawa",2016,1,,,,,1402.1833190918
"ET","gambela",2016,1,1,51.1298904418945,160.933807373047,19.7687854766846,35606.0024871826
"ET","gambela",2016,1,2,68.3287506103516,150.272994995117,30.2505702972412,109.545124053955
"ET","gambela",2016,1,,,,,1474.77110004425
"ET","harari",2016,1,1,51.1528053283691,158.396743774414,20.378942489624,23626.5282783508
"ET","harari",2016,1,2,81.4998779296875,158.699478149414,32.2551574707031,306.598430633545
"ET","harari",2016,1,,57.9000015258789,,,2154.80584716797
"ET","oromia",2016,1,1,50.0480117797852,157.161361694336,20.2469673156738,7381793.640625
"ET","oromia",2016,1,2,67.5517883300781,145.83430480957,31.2537803649902,19162.3195800781
"ET","oromia",2016,1,3,50.2482109069824,113.438087463379,39.0279350280762,12976.5400390625
"ET","oromia",2016,1,4,91.0999984741211,146,42.7400016784668,2231.31079101563
"ET","oromia",2016,1,,,,,271975.192626953
"ET","snnpr",2016,1,1,51.1388740539551,156.908950805664,20.7542572021484,4372425.66113281
"ET","snnpr",2016,1,2,71.3006439208984,149.448211669922,31.3192024230957,14190.1291503906
"ET","snnpr",2016,1,,34.2464294433594,138.385223388672,,167654.271728516
"ET","somali",2016,1,1,53.3240127563477,162.463394165039,20.1843242645264,544198.114440918
"ET","somali",2016,1,2,83.9154586791992,163.055999755859,31.5464782714844,13896.8393096924
"ET","somali",2016,1,3,88.9939880371094,154.510864257813,37.3154792785645,960.976715087891
"ET","somali",2016,1,4,99.616455078125,149.953460693359,44.0297203063965,944.885345458984
"ET","somali",2016,1,,27.7000007629395,155,,32961.8590698242
"ET","tigray",2016,1,1,47.3703193664551,156.108337402344,19.4101734161377,1316819.20635986
"ET","tigray",2016,1,2,77.6530227661133,157.25617980957,31.2963962554932,1971.97607421875
"ET","tigray",2016,1,4,63.7000007629395,109,53.6199989318848,989.027648925781
"ET","tigray",2016,1,,,,,32463.9779205322
"GH","ashanti",2014,0,1,60.3090591430664,158.873199462891,23.8697948455811,317238.065338135
"GH","ashanti",2014,0,2,81.3558959960938,158.726913452148,32.2420425415039,53130.0713806152
"GH","ashanti",2014,0,3,94.1290893554688,159.018585205078,37.1849479675293,17895.6787109375
"GH","ashanti",2014,0,4,106.528617858887,158.440963745117,42.4192733764648,11268.4024047852
"GH","ashanti",2014,0,,58.5999984741211,,,422180.269439697
"GH","brongahafo",2014,0,1,58.9272613525391,158.977890014648,23.2577095031738,123500.570129395
"GH","brongahafo",2014,0,2,84.1079177856445,161.717422485352,32.1172065734863,9676.71939086914
"GH","brongahafo",2014,0,3,95.6606063842773,161.828598022461,36.4979782104492,2620.39920043945
"GH","brongahafo",2014,0,,,,,145146.919250488
"GH","central",2014,0,1,59.8211936950684,159.164016723633,23.5788707733154,109526.131103516
"GH","central",2014,0,2,81.3802032470703,160.137817382813,31.7037506103516,15444.5321655273
"GH","central",2014,0,3,95.0197219848633,160.247665405273,36.9388198852539,7149.66741943359
"GH","central",2014,0,4,118.345642089844,164.954498291016,43.4554405212402,2470.93273925781
"GH","central",2014,0,,,,,125733.607177734
"GH","eastern",2014,0,1,59.2867317199707,159.165420532227,23.346565246582,112974.656860352
"GH","eastern",2014,0,2,83.0057830810547,159.884765625,32.4639320373535,17776.8047485352
"GH","eastern",2014,0,3,92.1922607421875,158.098617553711,36.8639984130859,8825.71081542969
"GH","eastern",2014,0,4,116.322135925293,159.314895629883,45.8196182250977,1525.99127197266
"GH","eastern",2014,0,,,,,162707.345581055
"GH","greateraccra",2014,0,1,61.0351371765137,159.28727722168,24.0344791412354,434038.178283691
"GH","greateraccra",2014,0,2,82.1619262695313,160.608047485352,31.8279075622559,111654.407348633
"GH","greateraccra",2014,0,3,96.3360214233398,161.739105224609,36.7688369750977,56918.2683105469
"GH","greateraccra",2014,0,4,114.967552185059,159.226974487305,45.2553520202637,21498.5481567383
"GH","greateraccra",2014,0,,159.399993896484,82.5,,600014.155273438
"GH","northern",2014,0,1,57.6464767456055,160.832214355469,22.2520751953125,72025.8152618408
"GH","northern",2014,0,2,83.568359375,161.22395324707,32.1405982971191,4399.390625
"GH","northern",2014,0,3,95.554557800293,161.687530517578,36.5131797790527,2107.47413635254
"GH","northern",2014,0,4,113.650001525879,165,41.6999969482422,729.462158203125
"GH","northern",2014,0,,,,,66865.0709686279
"GH","uppereast",2014,0,1,59.5734100341797,160.672256469727,23.0535202026367,26031.6052398682
"GH","uppereast",2014,0,2,86.01123046875,163.179641723633,32.2609100341797,2620.50189208984
"GH","uppereast",2014,0,3,95.5614929199219,161.072341918945,36.821174621582,950.80281829834
"GH","uppereast",2014,0,4,100.699996948242,155.399993896484,41.6800003051758,387.512084960938
"GH","uppereast",2014,0,,,,,28979.9601898193
"GH","upperwest",2014,0,1,60.0050735473633,160.084365844727,23.3646507263184,15626.8217086792
"GH","upperwest",2014,0,2,82.0348968505859,160.836135864258,31.710750579834,1537.03150177002
"GH","upperwest",2014,0,3,91.0581359863281,157.848510742188,36.5525436401367,736.517913818359
"GH","upperwest",2014,0,4,107.342620849609,161.748870849609,40.8845520019531,346.212158203125
"GH","upperwest",2014,0,,,,,16396.912902832
"GH","volta",2014,0,1,58.4726142883301,159.604843139648,22.925479888916,90408.1717224121
"GH","volta",2014,0,2,84.6819152832031,161.734741210938,32.2798957824707,8266.4921875
"GH","volta",2014,0,3,92.3011703491211,157.229309082031,37.1951103210449,4155.14529418945
"GH","volta",2014,0,4,143.699996948242,162.600006103516,54.3499984741211,1164.41174316406
"GH","volta",2014,0,,,,,101951.593078613
"GH","western",2014,0,1,60.5662040710449,158.517990112305,24.0880813598633,143398.065093994
"GH","western",2014,0,2,81.2874450683594,159.682830810547,31.8400611877441,16820.6436462402
"GH","western",2014,0,3,88.7478103637695,155.510818481445,36.6776351928711,4109.5364074707
"GH","western",2014,0,4,116.950630187988,161.39714050293,44.7902336120605,6007.6549987793
"GH","western",2014,0,,,,,144859.095977783
"GH","ashanti",2014,1,1,57.5495872497559,158.598937988281,22.8101768493652,186703.570449829
"GH","ashanti",2014,1,2,78.3513717651367,157.088943481445,31.7511653900146,24198.2662353516
"GH","ashanti",2014,1,3,79.8000030517578,149.5,35.7000007629395,1539.64514160156
"GH","ashanti",2014,1,4,103.099998474121,160.5,40.0200004577637,1157.97265625
"GH","ashanti",2014,1,,,,,264362.584899902
"GH","brongahafo",2014,1,1,57.4179725646973,158.381011962891,22.8548145294189,140485.509613037
"GH","brongahafo",2014,1,2,81.6149215698242,159.026351928711,32.2554473876953,4099.64205932617
"GH","brongahafo",2014,1,3,92.1351165771484,159.243209838867,36.3621673583984,1280.25439453125
"GH","brongahafo",2014,1,,,,,129115.480529785
"GH","central",2014,1,1,58.7157363891602,157.671310424805,23.5695152282715,178351.576202393
"GH","central",2014,1,2,79.4580612182617,157.850433349609,31.8685894012451,23370.5717163086
"GH","central",2014,1,3,94.3388290405273,158.787445068359,37.3889694213867,3792.07281494141
"GH","central",2014,1,4,121.099998474121,157.699996948242,48.689998626709,586.122375488281
"GH","central",2014,1,,,,,210904.541656494
"GH","eastern",2014,1,1,57.5435104370117,158.479537963867,22.8145999908447,144852.332092285
"GH","eastern",2014,1,2,80.5673828125,158.000335693359,32.2601852416992,13634.313659668
"GH","eastern",2014,1,3,93.8936462402344,159.990264892578,36.6554756164551,3916.90661621094
"GH","eastern",2014,1,4,106,161,40.8899993896484,794.715087890625
"GH","eastern",2014,1,,,,,167878.935516357
"GH","greateraccra",2014,1,1,60.286449432373,159.827911376953,23.6142425537109,54184.3598632813
"GH","greateraccra",2014,1,2,84.4317169189453,161.773498535156,32.2141799926758,7811.88055419922
"GH","greateraccra",2014,1,3,95,158.199996948242,38.0050010681152,3536.17700195313
"GH","greateraccra",2014,1,4,122.599998474121,168.5,43.1800003051758,945.637756347656
"GH","greateraccra",2014,1,,,,,81335.1560668945
"GH","northern",2014,1,1,53.693473815918,159.066329956055,21.1898136138916,217898.359146118
"GH","northern",2014,1,2,82.8412933349609,160.256774902344,32.2260856628418,4460.46685791016
"GH","northern",2014,1,,,,,199697.113265991
"GH","uppereast",2014,1,1,55.884593963623,160.318328857422,21.6960468292236,100131.222854614
"GH","uppereast",2014,1,2,76.139030456543,156.071151733398,31.1944904327393,1466.52163696289
"GH","uppereast",2014,1,,,,,98412.0494384766
"GH","upperwest",2014,1,1,56.3671188354492,160.434860229492,21.9051399230957,59447.762260437
"GH","upperwest",2014,1,2,85.6112823486328,159.574172973633,33.6434020996094,925.528930664063
"GH","upperwest",2014,1,3,94.5999984741211,159.199996948242,37.3300018310547,151.354263305664
"GH","upperwest",2014,1,4,89.4000015258789,146.699996948242,41.5400009155273,191.831420898438
"GH","upperwest",2014,1,,,,,59823.0304641724
"GH","volta",2014,1,1,57.7086448669434,158.919647216797,22.790060043335,141785.112884521
"GH","volta",2014,1,2,81.1976165771484,161.143463134766,31.2522163391113,4042.70291137695
"GH","volta",2014,1,3,101.550346374512,164.962524414063,37.0652618408203,4272.41094970703
"GH","volta",2014,1,4,108.993011474609,160.292343139648,42.3913421630859,2231.09344482422
"GH","volta",2014,1,,,,,162280.603118896
"GH","western",2014,1,1,58.0602836608887,157.66845703125,23.3525505065918,201284.94744873
"GH","western",2014,1,2,79.2199478149414,156.366973876953,32.3619079589844,18839.0511474609
"GH","western",2014,1,3,102.626350402832,164.936828613281,37.6661605834961,3995.86767578125
"GH","western",2014,1,4,89.8265228271484,146.624328613281,41.1438293457031,2354.91506958008
"GH","western",2014,1,,,,,208979.943359375
"GU","central",2015,0,1,54.5019683837891,149.578125,24.3417282104492,180270.24879837
"GU","central",2015,0,2,71.5224380493164,149.497375488281,31.9360828399658,46202.3541717529
"GU","central",2015,0,3,83.0493469238281,150.138092041016,36.7725410461426,15060.1406326294
"GU","central",2015,0,4,97.2649917602539,149.03466796875,43.687141418457,4112.4994354248
"GU","central",2015,0,,,,,15843.732383728
"GU","metropolitana",2015,0,1,56.4167785644531,151.920196533203,24.4267921447754,507928.344146729
"GU","metropolitana",2015,0,2,74.2977752685547,152.287048339844,31.9757995605469,131007.307388306
"GU","metropolitana",2015,0,3,87.2970123291016,153.386169433594,37.0320129394531,38909.9074859619
"GU","metropolitana",2015,0,4,98.0043258666992,150.522125244141,43.1376609802246,15533.9034881592
"GU","metropolitana",2015,0,,,,,41752.1312866211
"GU","noroccidente",2015,0,1,52.9032745361328,147.91520690918,24.1175994873047,108997.316619873
"GU","noroccidente",2015,0,2,70.3878326416016,148.228164672852,32.0037956237793,18823.7551879883
"GU","noroccidente",2015,0,3,80.2248992919922,148.422500610352,36.3373794555664,3777.03031921387
"GU","noroccidente",2015,0,4,90.8910293579102,144.915176391602,43.1820411682129,693.861633300781
"GU","noroccidente",2015,0,,,,,11361.5328216553
"GU","nororiente",2015,0,1,56.7402267456055,152.843627929688,24.2458724975586,84054.9541397095
"GU","nororiente",2015,0,2,75.3388519287109,153.101928710938,32.0861740112305,22424.8821125031
"GU","nororiente",2015,0,3,85.7993698120117,152.781356811523,36.7035980224609,6561.33519935608
"GU","nororiente",2015,0,4,104.470657348633,152.770217895508,44.6720733642578,4791.71718406677
"GU","nororiente",2015,0,,,,,5373.3623008728
"GU","norte",2015,0,1,54.9208679199219,149.621856689453,24.5236473083496,66240.6444015503
"GU","norte",2015,0,2,71.0351333618164,149.023849487305,31.9236030578613,12775.1466941834
"GU","norte",2015,0,3,82.2979278564453,149.582656860352,36.6744117736816,3958.53993988037
"GU","norte",2015,0,4,101.385200500488,150.038177490234,45.2334976196289,993.942501068115
"GU","norte",2015,0,,,,,4485.94540023804
"GU","petn",2015,0,1,56.7291641235352,152.825164794922,24.2561645507813,34072.1882324219
"GU","petn",2015,0,2,74.2316970825195,151.148147583008,32.4233703613281,9763.77926635742
"GU","petn",2015,0,3,83.3936386108398,151.174667358398,36.3817443847656,3826.53578186035
"GU","petn",2015,0,4,94.7520370483398,150.533447265625,41.7987022399902,1306.03719329834
"GU","petn",2015,0,,,,,3381.8270111084
"GU","suroccidente",2015,0,1,53.5582237243652,148.69287109375,24.1872634887695,309859.543182373
"GU","suroccidente",2015,0,2,70.563102722168,148.260101318359,32.0359687805176,61047.2715263367
"GU","suroccidente",2015,0,3,80.9950790405273,148.380462646484,36.7302169799805,15802.6831359863
"GU","suroccidente",2015,0,4,98.7430725097656,151.137420654297,43.1804237365723,4184.91410446167
"GU","suroccidente",2015,0,,43.5999984741211,,,23045.4347076416
"GU","suroriente",2015,0,1,54.9010391235352,151.663101196289,23.8433818817139,83694.666179657
"GU","suroriente",2015,0,2,73.4965591430664,151.43879699707,31.989725112915,20240.0991859436
"GU","suroriente",2015,0,3,86.2795181274414,152.460815429688,37.0443534851074,5740.48072814941
"GU","suroriente",2015,0,4,105.869560241699,151.746276855469,45.8445358276367,1415.91268539429
"GU","suroriente",2015,0,,,,,6929.541847229
"GU","central",2015,1,1,54.0154418945313,148.697723388672,24.3871536254883,141707.884078979
"GU","central",2015,1,2,72.718879699707,149.462554931641,32.4838790893555,28565.5420761108
"GU","central",2015,1,3,85.8965530395508,152.096145629883,37.0553588867188,10208.0646133423
"GU","central",2015,1,4,97.8910293579102,149.59635925293,43.7185478210449,2875.3479385376
"GU","central",2015,1,,,,,19246.6470489502
"GU","metropolitana",2015,1,1,54.5656471252441,149.496490478516,24.3913402557373,123600.337524414
"GU","metropolitana",2015,1,2,70.4969711303711,148.907745361328,31.7332534790039,24382.0307617188
"GU","metropolitana",2015,1,3,80.6149749755859,147.554260253906,36.9940910339355,7490.80731201172
"GU","metropolitana",2015,1,4,102.904922485352,152.893447875977,43.9799575805664,976.709274291992
"GU","metropolitana",2015,1,,,,,8889.93466186523
"GU","noroccidente",2015,1,1,50.6728630065918,145.909591674805,23.76686668396,357903.980686188
"GU","noroccidente",2015,1,2,68.7878723144531,146.482482910156,31.9811096191406,39630.3513145447
"GU","noroccidente",2015,1,3,77.647346496582,145.841461181641,36.3921051025391,6330.81043624878
"GU","noroccidente",2015,1,4,93.7607498168945,148.541641235352,42.2931289672852,1229.88906860352
"GU","noroccidente",2015,1,,,,,34422.4624786377
"GU","nororiente",2015,1,1,53.4379005432129,149.512969970703,23.854585647583,191218.155189514
"GU","nororiente",2015,1,2,73.5174331665039,151.172866821289,32.0922088623047,27569.5170173645
"GU","nororiente",2015,1,3,85.8598327636719,152.268630981445,36.9830436706543,10606.692363739
"GU","nororiente",2015,1,4,105.243354797363,154.2587890625,44.0644645690918,3022.70380401611
"GU","nororiente",2015,1,,143.600006103516,154.100006103516,,17679.6244888306
"GU","norte",2015,1,1,51.8552551269531,147.235336303711,23.8814392089844,232239.512260437
"GU","norte",2015,1,2,69.8099517822266,147.687591552734,31.9633598327637,28857.796257019
"GU","norte",2015,1,3,77.4607162475586,145.23957824707,36.6943283081055,5531.77034378052
"GU","norte",2015,1,4,98.086669921875,148.808959960938,44.1751899719238,731.662460327148
"GU","norte",2015,1,,,,,22363.6528167725
"GU","petn",2015,1,1,54.9283981323242,149.374618530273,24.5674419403076,72922.9130020142
"GU","petn",2015,1,2,72.8743667602539,150.478500366211,32.1228065490723,15318.7343139648
"GU","petn",2015,1,3,82.7037658691406,148.996231079102,37.160774230957,4780.80210876465
"GU","petn",2015,1,4,98.912467956543,149.383773803711,44.2575759887695,1613.48912811279
"GU","petn",2015,1,,,,,9392.59906005859
"GU","suroccidente",2015,1,1,51.6017570495605,147.316390991211,23.7368469238281,505723.980911255
"GU","suroccidente",2015,1,2,70.0802230834961,148.060638427734,31.9164257049561,71135.2873153687
"GU","suroccidente",2015,1,3,80.6704864501953,147.84001159668,36.843921661377,16051.4075241089
"GU","suroccidente",2015,1,4,94.2681503295898,148.695526123047,42.5099563598633,4301.79747772217
"GU","suroccidente",2015,1,,133.399993896484,149,,45455.8650054932
"GU","suroriente",2015,1,1,53.4398460388184,150.411056518555,23.5727939605713,195745.676673889
"GU","suroriente",2015,1,2,73.3444519042969,151.308044433594,31.9674453735352,25136.2779541016
"GU","suroriente",2015,1,3,86.4153671264648,152.546875,37.0725402832031,7559.89747619629
"GU","suroriente",2015,1,4,99.1676254272461,151.044158935547,43.3799438476563,1315.62302398682
"GU","suroriente",2015,1,,32,,,15828.3345565796
"HN","Atl?ntida",2012,0,1,57.485897064209,155.175750732422,23.8543243408203,51016.0849113464
"HN","Atl?ntida",2012,0,2,77.6297836303711,154.678009033203,32.3896522521973,11725.5160713196
"HN","Atl?ntida",2012,0,3,90.0508575439453,155.584548950195,37.1506500244141,4669.55528640747
"HN","Atl?ntida",2012,0,4,110.556541442871,156.855285644531,44.7679290771484,3033.57559585571
"HN","Atl?ntida",2012,0,,,164.015869140625,,1637.65421676636
"HN","Choluteca",2012,0,1,57.8316040039063,154.523666381836,24.1970653533936,30998.9003372192
"HN","Choluteca",2012,0,2,76.7099609375,154.245849609375,32.1989707946777,7491.9772644043
"HN","Choluteca",2012,0,3,86.2360916137695,153.268096923828,36.6450614929199,2250.45581817627
"HN","Choluteca",2012,0,4,115.343955993652,158.908645629883,45.3966827392578,711.948699951172
"HN","Choluteca",2012,0,,67.9591674804688,105.699996948242,,981.709541320801
"HN","Col?n",2012,0,1,56.6368446350098,154.683654785156,23.6548690795898,24288.1792640686
"HN","Col?n",2012,0,2,77.0225143432617,154.886672973633,32.0758209228516,5097.85099411011
"HN","Col?n",2012,0,3,86.5198364257813,153.333084106445,36.7473068237305,2147.58997344971
"HN","Col?n",2012,0,4,108.41276550293,155.942932128906,44.3771858215332,1057.33456420898
"HN","Col?n",2012,0,,,,,752.397129058838
"HN","Comayagua",2012,0,1,56.4255218505859,152.440246582031,24.2734603881836,44013.0052528381
"HN","Comayagua",2012,0,2,75.3646240234375,153.060989379883,32.1117744445801,10204.5882987976
"HN","Comayagua",2012,0,3,84.5012435913086,151.837844848633,36.6354064941406,3135.71796798706
"HN","Comayagua",2012,0,4,96.5480728149414,149.82666015625,43.0448532104492,1513.13143157959
"HN","Comayagua",2012,0,,101.900001525879,,,1524.71752166748
"HN","Cop?n",2012,0,1,55.174690246582,152.989227294922,23.5396709442139,35054.7741699219
"HN","Cop?n",2012,0,2,72.4951629638672,150.945587158203,31.7743263244629,4275.08172607422
"HN","Cop?n",2012,0,3,85.8102798461914,152.483581542969,36.8878364562988,1195.49072265625
"HN","Cop?n",2012,0,4,102.567489624023,156.877014160156,41.6947479248047,199.596771240234
"HN","Cop?n",2012,0,,123.018043518066,153.307769775391,,2469.41639709473
"HN","Cort?s",2012,0,1,56.7199020385742,154.413452148438,23.7749710083008,230660.179603577
"HN","Cort?s",2012,0,2,75.4053039550781,153.162643432617,32.0983352661133,58598.0441055298
"HN","Cort?s",2012,0,3,87.4446487426758,153.516479492188,37.0358543395996,20077.7189254761
"HN","Cort?s",2012,0,4,104.648750305176,153.627807617188,44.2636184692383,9198.13004302979
"HN","Cort?s",2012,0,,88.9933471679688,161.683563232422,,5978.49348449707
"HN","ElPara?so",2012,0,1,57.0287017822266,155.647613525391,23.5489902496338,27907.5837936401
"HN","ElPara?so",2012,0,2,75.8805084228516,154.160842895508,31.8695220947266,6374.23073577881
"HN","ElPara?so",2012,0,3,89.4560470581055,154.574722290039,37.4281120300293,2391.02876281738
"HN","ElPara?so",2012,0,4,116.096015930176,160.399276733398,45.3645401000977,525.249946594238
"HN","ElPara?so",2012,0,,,,,343.510398864746
"HN","FranciscoMoraz?n",2012,0,1,57.663143157959,155.047836303711,23.9641456604004,248616.121414185
"HN","FranciscoMoraz?n",2012,0,2,76.4820938110352,154.156311035156,32.1382675170898,56894.5950241089
"HN","FranciscoMoraz?n",2012,0,3,89.6292877197266,155.05354309082,37.2090377807617,17287.7256088257
"HN","FranciscoMoraz?n",2012,0,4,103.130867004395,153.487731933594,43.7033348083496,7907.21585845947
"HN","FranciscoMoraz?n",2012,0,,53.5,,,13772.0175552368
"HN","GraciasaDios",2012,0,1,59.1478996276855,155.700012207031,24.3688201904297,3365.4773645401
"HN","GraciasaDios",2012,0,2,78.5667114257813,155.777053833008,32.3431663513184,1131.08716678619
"HN","GraciasaDios",2012,0,3,89.2482223510742,155.888641357422,36.6660270690918,628.926219940186
"HN","GraciasaDios",2012,0,4,108.643936157227,157.077911376953,44.1319580078125,174.140602111816
"HN","GraciasaDios",2012,0,,,,,38.3529968261719
"HN","Intibuc?",2012,0,1,55.0077590942383,151.824249267578,23.8306465148926,9192.25456237793
"HN","Intibuc?",2012,0,2,74.4668350219727,151.994857788086,32.1646881103516,1872.69400596619
"HN","Intibuc?",2012,0,3,88.779541015625,153.391983032227,37.8099975585938,242.426647186279
"HN","Intibuc?",2012,0,4,94.5001983642578,151.933990478516,40.8750305175781,114.972261428833
"HN","Intibuc?",2012,0,,,,,793.356119155884
"HN","IslasdelaBah?a",2012,0,1,58.671802520752,156.667053222656,23.898473739624,8058.81642150879
"HN","IslasdelaBah?a",2012,0,2,78.040901184082,155.330902099609,32.3338966369629,1754.99349784851
"HN","IslasdelaBah?a",2012,0,3,91.3109741210938,156.26318359375,37.3488693237305,879.886662483215
"HN","IslasdelaBah?a",2012,0,4,101.101745605469,153.271347045898,42.9630889892578,409.515677452087
"HN","IslasdelaBah?a",2012,0,,44.7000007629395,,,52.6180067062378
"HN","LaPaz",2012,0,1,55.9964561462402,153.500930786133,23.7760829925537,15647.7593536377
"HN","LaPaz",2012,0,2,75.9810256958008,153.61897277832,32.1324234008789,3618.86273193359
"HN","LaPaz",2012,0,3,89.007453918457,155.095764160156,36.9829711914063,857.20386505127
"HN","LaPaz",2012,0,4,98.3015747070313,151.16047668457,43.0091857910156,538.311912536621
"HN","LaPaz",2012,0,,,,,253.368221282959
"HN","Lempira",2012,0,1,53.9135818481445,152.028121948242,23.2559852600098,7268.37491607666
"HN","Lempira",2012,0,2,75.2547302246094,152.342880249023,32.3659858703613,812.662792205811
"HN","Lempira",2012,0,3,87.4377136230469,153.345901489258,37.1843566894531,386.765182495117
"HN","Lempira",2012,0,,,,,271.437015533447
"HN","Ocotepeque",2012,0,1,55.5169334411621,152.560607910156,23.7916698455811,11281.941198349
"HN","Ocotepeque",2012,0,2,73.3085479736328,151.782775878906,31.7819843292236,1431.52722740173
"HN","Ocotepeque",2012,0,3,85.5796966552734,151.943923950195,36.9812393188477,433.435960769653
"HN","Ocotepeque",2012,0,4,102.757705688477,153.624420166016,43.395622253418,186.529560089111
"HN","Ocotepeque",2012,0,,,,,123.168472290039
"HN","Olancho",2012,0,1,56.6795463562012,155.259292602539,23.4933891296387,36590.9682540894
"HN","Olancho",2012,0,2,78.8945541381836,156.137496948242,32.2936782836914,6121.58092498779
"HN","Olancho",2012,0,3,90.2466812133789,156.051635742188,37.0280609130859,2832.85668182373
"HN","Olancho",2012,0,4,107.569358825684,158.048828125,42.9765892028809,366.652145385742
"HN","Olancho",2012,0,,20.8999996185303,158.600006103516,,860.930442810059
"HN","SantaB?rbara",2012,0,1,55.6685791015625,153.729507446289,23.5103149414063,31819.2392501831
"HN","SantaB?rbara",2012,0,2,76.5895004272461,154.694412231445,31.9635448455811,6627.62389373779
"HN","SantaB?rbara",2012,0,3,84.4689712524414,152.476257324219,36.3133544921875,2266.53508758545
"HN","SantaB?rbara",2012,0,4,106.200805664063,157.488952636719,42.8121490478516,565.243255615234
"HN","SantaB?rbara",2012,0,,,,,997.26065826416
"HN","Valle",2012,0,1,58.2802696228027,154.727966308594,24.3539066314697,13301.7077980042
"HN","Valle",2012,0,2,77.2359848022461,154.999786376953,32.1029472351074,3449.1175994873
"HN","Valle",2012,0,3,86.7303085327148,153.871780395508,36.5665435791016,1454.59411621094
"HN","Valle",2012,0,4,102.501678466797,152.042709350586,44.0733032226563,792.707939147949
"HN","Yoro",2012,0,1,56.0465393066406,153.902618408203,23.6364593505859,58126.740852356
"HN","Yoro",2012,0,2,76.4389877319336,154.563354492188,31.9565296173096,13330.6647644043
"HN","Yoro",2012,0,3,87.8504028320313,154.205123901367,36.9071197509766,5441.2487487793
"HN","Yoro",2012,0,4,106.32958984375,154.581817626953,44.3750915527344,3730.80192565918
"HN","Yoro",2012,0,,,,,2312.13430023193
"HN","Atl?ntida",2012,1,1,56.5921669006348,152.938766479492,24.157283782959,29339.9143028259
"HN","Atl?ntida",2012,1,2,74.7820892333984,152.388214111328,32.1755790710449,7832.56177139282
"HN","Atl?ntida",2012,1,3,84.9905242919922,150.707321166992,37.4110832214355,2154.75559997559
"HN","Atl?ntida",2012,1,4,101.011672973633,153.487609863281,42.669261932373,864.009727478027
"HN","Atl?ntida",2012,1,,51.7000007629395,,,606.93643951416
"HN","Choluteca",2012,1,1,54.8837585449219,153.735260009766,23.2197303771973,60500.461807251
"HN","Choluteca",2012,1,2,76.350341796875,153.925430297852,32.1815986633301,10431.858253479
"HN","Choluteca",2012,1,3,87.5732727050781,154.803527832031,36.461799621582,1530.52327728271
"HN","Choluteca",2012,1,4,99.2821807861328,153.820648193359,41.916145324707,691.500160217285
"HN","Choluteca",2012,1,,,,,432.408233642578
"HN","Col?n",2012,1,1,56.2802352905273,153.237915039063,23.9444541931152,35374.6352977753
"HN","Col?n",2012,1,2,76.2610778808594,154.076171875,32.0860214233398,6504.0336151123
"HN","Col?n",2012,1,3,85.2008056640625,151.292297363281,37.1474494934082,3179.80801582336
"HN","Col?n",2012,1,4,101.94066619873,153.132476806641,43.4477577209473,1411.41912078857
"HN","Col?n",2012,1,,66.8174819946289,,,470.153373718262
"HN","Comayagua",2012,1,1,54.7327499389648,151.234069824219,23.8864250183105,59552.8517074585
"HN","Comayagua",2012,1,2,73.7841720581055,151.652740478516,32.0198631286621,8360.40995788574
"HN","Comayagua",2012,1,3,85.3379058837891,151.528137207031,37.1458778381348,2328.03244018555
"HN","Comayagua",2012,1,4,102.383186340332,153.928665161133,43.0346565246582,367.411476135254
"HN","Comayagua",2012,1,,35.3462944030762,,,578.091491699219
"HN","Cop?n",2012,1,1,52.3592720031738,149.838577270508,23.2794208526611,45588.1271629334
"HN","Cop?n",2012,1,2,73.9313812255859,152.252014160156,31.8463401794434,4637.12683105469
"HN","Cop?n",2012,1,3,83.9841232299805,152.685272216797,35.964412689209,1196.86000442505
"HN","Cop?n",2012,1,4,107.084938049316,152.572250366211,45.7583618164063,326.546257019043
"HN","Cop?n",2012,1,,46.7999992370605,,,1235.16131973267
"HN","Cort?s",2012,1,1,56.2477760314941,153.205596923828,23.9441890716553,78845.3223876953
"HN","Cort?s",2012,1,2,75.6944961547852,153.243713378906,32.1793823242188,24546.6943664551
"HN","Cort?s",2012,1,3,86.9149932861328,153.014205932617,37.0891151428223,7391.26475524902
"HN","Cort?s",2012,1,4,108.611297607422,152.36213684082,46.7041435241699,1829.88916778564
"HN","Cort?s",2012,1,,87.5954208374023,,,1214.53536987305
"HN","ElPara?so",2012,1,1,55.2685508728027,152.238693237305,23.8030090332031,64468.4417762756
"HN","ElPara?so",2012,1,2,72.8372039794922,150.909423828125,31.9196491241455,8191.33595657349
"HN","ElPara?so",2012,1,3,87.8632354736328,153.459915161133,37.3025054931641,1694.6788444519
"HN","ElPara?so",2012,1,4,99.0540237426758,152.73095703125,42.4431266784668,798.784065246582
"HN","ElPara?so",2012,1,,88.4771118164063,149.899993896484,,2027.41446685791
"HN","FranciscoMoraz?n",2012,1,1,56.6128997802734,153.769729614258,23.9055423736572,79277.2201156616
"HN","FranciscoMoraz?n",2012,1,2,75.6954345703125,153.485687255859,32.0664901733398,16243.6237716675
"HN","FranciscoMoraz?n",2012,1,3,88.3536529541016,154.182647705078,37.1111869812012,3188.59949493408
"HN","FranciscoMoraz?n",2012,1,4,104.462562561035,155.188415527344,43.3654136657715,1007.88185882568
"HN","FranciscoMoraz?n",2012,1,,82.9000015258789,,,1198.11273956299
"HN","GraciasaDios",2012,1,1,58.5198097229004,154.92253112793,24.3507633209229,11096.5631046295
"HN","GraciasaDios",2012,1,2,77.9439010620117,155.481491088867,32.1980133056641,2549.52234268188
"HN","GraciasaDios",2012,1,3,89.677978515625,155.868026733398,36.8548316955566,1411.07422828674
"HN","GraciasaDios",2012,1,4,109.25846862793,156.844543457031,44.4185981750488,937.803737640381
"HN","GraciasaDios",2012,1,,,,,46.3550682067871
"HN","Intibuc?",2012,1,1,52.1960678100586,148.87239074707,23.511157989502,39278.4431686401
"HN","Intibuc?",2012,1,2,71.5280227661133,150.212600708008,31.6628017425537,2370.81002235413
"HN","Intibuc?",2012,1,3,82.6095199584961,149.478164672852,36.7792739868164,564.913900375366
"HN","Intibuc?",2012,1,4,95,152.399993896484,40.9000015258789,24.7308921813965
"HN","Intibuc?",2012,1,,47.2000007629395,,,1168.45334434509
"HN","IslasdelaBah?a",2012,1,1,61.4994354248047,159.888793945313,24.0189247131348,4512.59269714355
"HN","IslasdelaBah?a",2012,1,2,82.3985137939453,159.02473449707,32.5107612609863,1144.49990463257
"HN","IslasdelaBah?a",2012,1,3,96.0991668701172,161.312347412109,36.871208190918,525.968393325806
"HN","IslasdelaBah?a",2012,1,4,113.170249938965,161.856216430664,43.1794166564941,272.804401397705
"HN","IslasdelaBah?a",2012,1,,79.3000030517578,163.246765136719,,165.4837474823
"HN","LaPaz",2012,1,1,52.4752006530762,148.530090332031,23.7664813995361,31321.3051280975
"HN","LaPaz",2012,1,2,70.9975051879883,148.427719116211,32.1879081726074,2767.73062133789
"HN","LaPaz",2012,1,3,80.3078765869141,147.562911987305,36.8137474060059,464.568687438965
"HN","LaPaz",2012,1,,,155.800003051758,,214.679119110107
"HN","Lempira",2012,1,1,51.4216766357422,149.514938354492,22.9587059020996,62936.2049598694
"HN","Lempira",2012,1,2,73.2874908447266,150.853302001953,32.1581420898438,3805.30478668213
"HN","Lempira",2012,1,3,82.9430923461914,150.553161621094,36.5920219421387,518.310836791992
"HN","Lempira",2012,1,4,121.800003051758,166.699996948242,43.8300018310547,44.179443359375
"HN","Lempira",2012,1,,,,,888.096923828125
"HN","Ocotepeque",2012,1,1,53.157886505127,151.577056884766,23.1043472290039,25890.7935829163
"HN","Ocotepeque",2012,1,2,74.725700378418,151.917694091797,32.3130798339844,2608.95701980591
"HN","Ocotepeque",2012,1,3,84.0176467895508,151.840850830078,36.3496894836426,394.869621276855
"HN","Ocotepeque",2012,1,4,128.199996948242,164.5,47.3800010681152,47.2448806762695
"HN","Ocotepeque",2012,1,,,,,301.399173736572
"HN","Olancho",2012,1,1,56.5455207824707,153.634567260742,23.9390106201172,59530.8836555481
"HN","Olancho",2012,1,2,75.8537902832031,153.917816162109,31.9836769104004,10039.5668716431
"HN","Olancho",2012,1,3,86.6801071166992,153.411712646484,36.7604026794434,3164.20146560669
"HN","Olancho",2012,1,4,102.130271911621,153.066680908203,43.7133255004883,488.661315917969
"HN","Olancho",2012,1,,,164.800003051758,,1387.80774688721
"HN","SantaB?rbara",2012,1,1,53.913745880127,151.819229125977,23.3704929351807,58477.1640701294
"HN","SantaB?rbara",2012,1,2,73.4326171875,151.23518371582,32.0798225402832,7239.50981903076
"HN","SantaB?rbara",2012,1,3,88.6896286010742,154.357177734375,37.0942115783691,2404.71640014648
"HN","SantaB?rbara",2012,1,4,89.2666091918945,145.09651184082,42.1758308410645,449.62809753418
"HN","SantaB?rbara",2012,1,,43.2000007629395,,,863.336814880371
"HN","Valle",2012,1,1,57.2366676330566,154.745849609375,23.8664035797119,21925.250371933
"HN","Valle",2012,1,2,77.4752807617188,155.656326293945,31.9326400756836,4775.56164360046
"HN","Valle",2012,1,3,88.2312545776367,155.027648925781,36.6335945129395,1427.15687179565
"HN","Valle",2012,1,4,110.988494873047,157.970077514648,44.292652130127,257.385150909424
"HN","Valle",2012,1,,50.2000007629395,,,258.125179290771
"HN","Yoro",2012,1,1,54.8909187316895,152.188827514648,23.6536102294922,64706.677646637
"HN","Yoro",2012,1,2,75.8723220825195,153.48503112793,32.1503524780273,12168.5844154358
"HN","Yoro",2012,1,3,89.008171081543,154.465972900391,37.2512054443359,3533.81351852417
"HN","Yoro",2012,1,4,106.473342895508,154.170959472656,44.8723220825195,1509.48281860352
"HN","Yoro",2012,1,,,150.5,,1854.84645843506
"KE","central",2014,0,1,60.3782577514648,160.214218139648,23.501766204834,236862.807731628
"KE","central",2014,0,2,82.1640548706055,159.991012573242,32.0732955932617,43400.491897583
"KE","central",2014,0,3,95.4229202270508,160.561660766602,37.0229263305664,9647.54774475098
"KE","central",2014,0,4,130.653045654297,159.912231445313,51.0508880615234,1691.67962646484
"KE","central",2014,0,,152.491195678711,165.577392578125,,372387.39440155
"KE","coast",2014,0,1,58.1287574768066,158.636413574219,23.0768737792969,206587.325837135
"KE","coast",2014,0,2,79.4855651855469,157.641891479492,31.951488494873,35326.3960752487
"KE","coast",2014,0,3,90.9202423095703,156.335494995117,37.1586303710938,10152.2424440384
"KE","coast",2014,0,4,100.91349029541,146.500778198242,45.6728973388672,1704.00474071503
"KE","coast",2014,0,,94.8256683349609,116.379287719727,,315638.951529503
"KE","eastern",2014,0,1,58.1370811462402,158.244598388672,23.1901741027832,165000.674648285
"KE","eastern",2014,0,2,80.1384124755859,159.02522277832,31.6642646789551,18134.9442558289
"KE","eastern",2014,0,3,96.0898056030273,161.641265869141,36.6851692199707,5134.20198822021
"KE","eastern",2014,0,4,115.336524963379,159.107666015625,45.6127777099609,745.411079406738
"KE","eastern",2014,0,,145.100006103516,153.199996948242,,235530.080018997
"KE","nairobi",2014,0,1,61.2601776123047,160.138107299805,23.8663005828857,526537.698059082
"KE","nairobi",2014,0,2,81.6813659667969,159.693466186523,31.9951763153076,81571.6934204102
"KE","nairobi",2014,0,3,93.5675811767578,159.219650268555,36.8932113647461,17629.2501220703
"KE","nairobi",2014,0,4,119.454864501953,165.202865600586,43.7793121337891,2613.28259277344
"KE","nairobi",2014,0,,116.167205810547,85.6999969482422,,796568.912353516
"KE","northeastern",2014,0,1,57.9712677001953,162.284393310547,21.9827899932861,33946.5897216797
"KE","northeastern",2014,0,2,83.2049331665039,160.805191040039,32.1278266906738,2810.44437789917
"KE","northeastern",2014,0,3,95.2512664794922,159.903167724609,37.2662620544434,868.955856323242
"KE","northeastern",2014,0,4,111.296798706055,163.837677001953,41.4215316772461,665.399078369141
"KE","northeastern",2014,0,,70.1097412109375,,,52279.2098617554
"KE","nyanza",2014,0,1,60.611930847168,161.621719360352,23.1644763946533,191395.409618378
"KE","nyanza",2014,0,2,84.5217971801758,162.026153564453,32.1645698547363,19789.6074028015
"KE","nyanza",2014,0,3,100.002159118652,163.185791015625,37.523998260498,2417.93826293945
"KE","nyanza",2014,0,,58.1630516052246,,,244700.616847992
"KE","riftvalley",2014,0,1,60.4175453186035,160.579116821289,23.4074440002441,394318.395199776
"KE","riftvalley",2014,0,2,83.0254592895508,161.058578491211,31.9307556152344,39743.5984725952
"KE","riftvalley",2014,0,3,92.649299621582,158.984222412109,36.5855560302734,11417.9159851074
"KE","riftvalley",2014,0,4,106.178199768066,153.6162109375,45.0465469360352,3188.19482421875
"KE","riftvalley",2014,0,,118.077972412109,110.299865722656,,513117.302461624
"KE","western",2014,0,1,59.7744102478027,161.538497924805,22.8690967559814,80219.0746612549
"KE","western",2014,0,2,82.4162292480469,160.761291503906,31.8494777679443,9278.85139465332
"KE","western",2014,0,3,90.2989196777344,156.53645324707,36.8554649353027,1587.29568481445
"KE","western",2014,0,4,110.800003051758,166.100006103516,40.1599998474121,337.45458984375
"KE","western",2014,0,,,,,112013.770347595
"KE","central",2014,1,1,59.8983879089355,158.905349731445,23.6596736907959,326055.454994202
"KE","central",2014,1,2,80.6588134765625,158.533142089844,32.0564804077148,55303.0440979004
"KE","central",2014,1,3,90.1298522949219,156.612991333008,36.6887092590332,6926.60427856445
"KE","central",2014,1,4,93.0661087036133,142.573959350586,46.4465599060059,2591.64099121094
"KE","central",2014,1,,156.68310546875,158.699996948242,,454956.560470581
"KE","coast",2014,1,1,53.3151397705078,156.640335083008,21.6755390167236,256541.872039795
"KE","coast",2014,1,2,78.9781112670898,157.67268371582,31.7122745513916,13023.7250366211
"KE","coast",2014,1,3,91.1909408569336,156.196258544922,37.3485107421875,2435.42149353027
"KE","coast",2014,1,4,91.2671432495117,150.347518920898,40.2963638305664,619.835712432861
"KE","coast",2014,1,,136.433288574219,151.733810424805,,320612.700157166
"KE","eastern",2014,1,1,55.5823059082031,157.622756958008,22.3287162780762,546416.898850441
"KE","eastern",2014,1,2,80.9489593505859,158.216064453125,32.3029899597168,32233.186006546
"KE","eastern",2014,1,3,89.318473815918,156.300384521484,36.4928245544434,6319.58691978455
"KE","eastern",2014,1,4,104.012382507324,155.915069580078,42.6684074401855,1532.67886352539
"KE","eastern",2014,1,,,,,642536.078369141
"KE","northeastern",2014,1,1,53.6819000244141,161.530838012695,20.5712795257568,67254.5277175903
"KE","northeastern",2014,1,2,81.2894592285156,161.726058959961,31.06223487854,941.554878234863
"KE","northeastern",2014,1,3,98.675666809082,164.310501098633,36.4887771606445,724.483116149902
"KE","northeastern",2014,1,,48.0499992370605,,,85592.6116428375
"KE","nyanza",2014,1,1,58.1826057434082,160.986145019531,22.4299449920654,466616.214630127
"KE","nyanza",2014,1,2,83.5576705932617,161.706192016602,31.9263343811035,21343.3314819336
"KE","nyanza",2014,1,3,98.6574935913086,161.932754516602,37.4954872131348,2835.65957641602
"KE","nyanza",2014,1,4,77.9690628051758,130.242874145508,45.9358978271484,1013.21801757813
"KE","nyanza",2014,1,,106.394660949707,158.899993896484,,576397.008682251
"KE","riftvalley",2014,1,1,56.2257232666016,160.712585449219,21.744987487793,880907.388818741
"KE","riftvalley",2014,1,2,81.722541809082,159.902542114258,31.9032821655273,39300.5727615356
"KE","riftvalley",2014,1,3,97.0472717285156,162.511779785156,36.6699752807617,8400.14810943604
"KE","riftvalley",2014,1,4,139.564193725586,166.66064453125,50.1746139526367,1980.00860595703
"KE","riftvalley",2014,1,,122.557289123535,137.937683105469,,1113764.4514904
"KE","western",2014,1,1,57.5446891784668,160.480651855469,22.3186092376709,472844.876434326
"KE","western",2014,1,2,83.9821243286133,161.884384155273,32.0018653869629,13477.0692138672
"KE","western",2014,1,3,96.4336471557617,162.526779174805,36.4643440246582,7727.30235290527
"KE","western",2014,1,4,90.6392440795898,140.139434814453,46.8682136535645,1530.92909240723
"KE","western",2014,1,,165.5,,,520144.350341797
"ML","bamako",2018,0,1,62.2392272949219,163.177047729492,23.3318042755127,283631.355010986
"ML","bamako",2018,0,2,87.7101974487305,164.511611938477,32.3482513427734,49537.5729980469
"ML","bamako",2018,0,3,103.044052124023,167.362121582031,36.7428741455078,12235.3152160645
"ML","bamako",2018,0,4,102.202705383301,154.916625976563,42.2473907470703,5141.35787963867
"ML","bamako",2018,0,,,,,390668.34727478
"ML","gao",2018,0,1,57.1763687133789,162.550048828125,21.6194381713867,8525.6893196106
"ML","gao",2018,0,2,82.1490325927734,160.635238647461,31.7962188720703,893.994232177734
"ML","gao",2018,0,3,95.3101196289063,159.304061889648,37.5035057067871,626.898719787598
"ML","gao",2018,0,4,109.699996948242,165.100006103516,40.25,138.334579467773
"ML","gao",2018,0,,,,,10575.7108078003
"ML","kayes",2018,0,1,60.8996047973633,164.515472412109,22.4770679473877,45098.593963623
"ML","kayes",2018,0,2,85.2506790161133,164.007827758789,31.6599159240723,2957.08099365234
"ML","kayes",2018,0,3,97.0495223999023,160.832336425781,37.5107307434082,695.168548583984
"ML","kayes",2018,0,4,106.800003051758,162.899993896484,40.25,372.923309326172
"ML","kayes",2018,0,,,,,48941.1565551758
"ML","kidal",2018,0,1,63.9257049560547,161.039001464844,24.6544857025146,1600.367800951
"ML","kidal",2018,0,2,80.2657318115234,158.116973876953,32.0667953491211,425.601449489594
"ML","kidal",2018,0,3,96.9394149780273,160.644271850586,37.5056190490723,117.458380460739
"ML","kidal",2018,0,4,104.584518432617,158.038055419922,41.8571548461914,40.37979388237
"ML","kidal",2018,0,,61.5,100.5,,1989.31881523132
"ML","koulikoro",2018,0,1,59.2964553833008,162.754150390625,22.3698177337646,24040.7584228516
"ML","koulikoro",2018,0,2,88.4500045776367,166.274993896484,32.0250015258789,2826.92578125
"ML","koulikoro",2018,0,3,101.686218261719,167.039001464844,36.4705352783203,1213.11907958984
"ML","koulikoro",2018,0,,,,,32576.6480102539
"ML","mopti",2018,0,1,60.8697624206543,163.456390380859,22.7866020202637,16685.5751342773
"ML","mopti",2018,0,2,80.090690612793,156.128265380859,32.7555313110352,2033.74307250977
"ML","mopti",2018,0,3,103.699996948242,161.199996948242,39.9099998474121,298.481964111328
"ML","mopti",2018,0,,,,,22998.0214233398
"ML","segou",2018,0,1,61.7848434448242,162.338638305664,23.357027053833,19801.0702514648
"ML","segou",2018,0,2,85.8813247680664,166.378036499023,30.9781112670898,2542.79623413086
"ML","segou",2018,0,3,96.4230117797852,162.167999267578,36.6871490478516,1297.70635986328
"ML","segou",2018,0,4,114.800003051758,162.399993896484,43.5299987792969,460.690673828125
"ML","segou",2018,0,,,,,21362.8480224609
"ML","sikasso",2018,0,1,60.1670417785645,161.975021362305,22.8984794616699,35563.1164550781
"ML","sikasso",2018,0,2,83.5707473754883,161.690582275391,31.902587890625,5818.4850769043
"ML","sikasso",2018,0,3,88.4811553955078,156.091339111328,36.3265953063965,611.641571044922
"ML","sikasso",2018,0,4,113.081665039063,167.305526733398,40.3987083435059,678.499694824219
"ML","sikasso",2018,0,,,,,43646.4370727539
"ML","toumbouctou",2018,0,1,62.1105194091797,161.390777587891,23.8257579803467,6249.40684509277
"ML","toumbouctou",2018,0,2,87.8338851928711,163.341613769531,32.8623199462891,1296.50379180908
"ML","toumbouctou",2018,0,3,87.5666656494141,156.399993896484,35.7766647338867,234.525444030762
"ML","toumbouctou",2018,0,,,,,7961.59143829346
"ML","gao",2018,1,1,57.1527900695801,162.220306396484,21.6604766845703,47395.2269439697
"ML","gao",2018,1,2,87.5879592895508,166.925064086914,31.4268531799316,1566.69753265381
"ML","gao",2018,1,,76.4000015258789,106.099998474121,,48372.3676986694
"ML","kayes",2018,1,1,56.4603157043457,162.853149414063,21.2851619720459,244811.085708618
"ML","kayes",2018,1,2,84.9735488891602,164.222793579102,31.4787883758545,7196.36744689941
"ML","kayes",2018,1,3,104.597755432129,165.271041870117,38.2263259887695,1812.09759521484
"ML","kayes",2018,1,,,,,266844.77784729
"ML","koulikoro",2018,1,1,59.1796684265137,162.298858642578,22.4224433898926,329548.742126465
"ML","koulikoro",2018,1,2,85.0029067993164,162.653793334961,32.1172142028809,17706.2170410156
"ML","koulikoro",2018,1,3,99.5028839111328,164.670196533203,36.6614456176758,8239.5446472168
"ML","koulikoro",2018,1,4,71.6873092651367,128.402603149414,41.3609580993652,2074.80606079102
"ML","koulikoro",2018,1,,,,,393479.328063965
"ML","mopti",2018,1,1,57.7174110412598,160.310699462891,22.4369277954102,186252.400268555
"ML","mopti",2018,1,2,83.7913436889648,161.028335571289,32.3063812255859,7125.27124023438
"ML","mopti",2018,1,3,102.966758728027,165.675033569336,37.4289016723633,791.171997070313
"ML","mopti",2018,1,,,,,185835.187103271
"ML","segou",2018,1,1,58.6598625183105,161.245544433594,22.5360698699951,282462.43447876
"ML","segou",2018,1,2,84.4779510498047,162.096893310547,32.0710029602051,11701.231048584
"ML","segou",2018,1,3,105.28197479248,170.761901855469,36.0878028869629,1743.86846923828
"ML","segou",2018,1,4,104.801727294922,148.146224975586,46.4655914306641,1985.02523803711
"ML","segou",2018,1,,,,,307974.043243408
"ML","sikasso",2018,1,1,55.9599266052246,160.541290283203,21.6898612976074,297957.460342407
"ML","sikasso",2018,1,2,83.7478713989258,162.518737792969,31.6791133880615,8995.32911682129
"ML","sikasso",2018,1,3,100,164.199996948242,36.9700012207031,482.070220947266
"ML","sikasso",2018,1,4,106.199996948242,154.199996948242,44.6599998474121,335.611938476563
"ML","sikasso",2018,1,,,,,321771.223220825
"ML","toumbouctou",2018,1,1,58.3890266418457,160.353286743164,22.6668395996094,63035.8232650757
"ML","toumbouctou",2018,1,2,82.8964920043945,161.727783203125,31.6634006500244,4265.17469787598
"ML","toumbouctou",2018,1,3,98.8169021606445,160.826705932617,38.0991172790527,984.15461730957
"ML","toumbouctou",2018,1,4,95.2870407104492,146.58251953125,44.5742797851563,632.914726257324
"ML","toumbouctou",2018,1,,73,103.199996948242,,71368.195892334
"NG","northcentral",2018,0,1,57.0586242675781,158.591766357422,22.6309127807617,668426.559051514
"NG","northcentral",2018,0,2,81.790283203125,159.541870117188,32.1110420227051,65434.6981811523
"NG","northcentral",2018,0,3,91.5735244750977,157.980667114258,36.6475563049316,26363.7456970215
"NG","northcentral",2018,0,4,113.862251281738,160.82633972168,44.0374031066895,7151.47485351563
"NG","northcentral",2018,0,,70.0999984741211,101.199996948242,,1367765.86729431
"NG","northeast",2018,0,1,53.6550559997559,158.395233154297,21.3381061553955,682973.491027832
"NG","northeast",2018,0,2,81.5996704101563,160.405227661133,31.662036895752,41932.2614746094
"NG","northeast",2018,0,3,96.2807769775391,160.504669189453,37.3439292907715,10787.9755859375
"NG","northeast",2018,0,4,114.09065246582,160.45832824707,44.5961608886719,3031.29840087891
"NG","northeast",2018,0,,49,,,1303950.65908813
"NG","northwest",2018,0,1,54.009880065918,157.559753417969,21.7224655151367,1144029.34283447
"NG","northwest",2018,0,2,81.5743179321289,158.690979003906,32.3442230224609,80676.3282470703
"NG","northwest",2018,0,3,92.378547668457,158.898376464844,36.5591049194336,24527.7020263672
"NG","northwest",2018,0,4,109.596687316895,158.993011474609,43.3193435668945,16400.2380371094
"NG","northwest",2018,0,,,,,2767122.78936768
"NG","southeast",2018,0,1,59.5857048034668,159.979721069336,23.2366275787354,1150721.29476929
"NG","southeast",2018,0,2,83.0011978149414,160.404891967773,32.2218055725098,165208.893066406
"NG","southeast",2018,0,3,96.3542251586914,161.90055847168,36.7180709838867,68606.6468811035
"NG","southeast",2018,0,4,106.442276000977,152.565795898438,45.3583793640137,18294.1133422852
"NG","southeast",2018,0,,,,,2483067.03564453
"NG","southsouth",2018,0,1,59.8819732666016,159.350860595703,23.577672958374,643838.931091309
"NG","southsouth",2018,0,2,81.8627700805664,158.759674072266,32.4161567687988,104003.681640625
"NG","southsouth",2018,0,3,96.0186996459961,161.462921142578,36.7915725708008,35487.0125732422
"NG","southsouth",2018,0,4,109.659072875977,159.298873901367,43.069766998291,15035.9193115234
"NG","southsouth",2018,0,,,,,1367808.80682373
"NG","southwest",2018,0,1,58.4070014953613,159.364547729492,22.972038269043,2004409.79321289
"NG","southwest",2018,0,2,81.4905395507813,159.176162719727,32.1344146728516,231849.486724854
"NG","southwest",2018,0,3,94.7368240356445,159.5263671875,37.1242561340332,91163.5237426758
"NG","southwest",2018,0,4,109.927276611328,159.289535522461,43.3527412414551,52984.4570617676
"NG","southwest",2018,0,,,,,3937531.671875
"NG","northcentral",2018,1,1,55.1166229248047,157.278259277344,22.2436637878418,1395350.14006805
"NG","northcentral",2018,1,2,79.8574295043945,157.848709106445,32.0130233764648,69548.42603302
"NG","northcentral",2018,1,3,94.5319519042969,159.629318237305,37.0345306396484,23794.3637390137
"NG","northcentral",2018,1,4,82.9906234741211,135.738143920898,43.3234596252441,4999.22828674316
"NG","northcentral",2018,1,,49.5999984741211,,,2697809.27250671
"NG","northeast",2018,1,1,51.4232406616211,157.272033691406,20.753999710083,1599678.10595703
"NG","northeast",2018,1,2,80.232666015625,158.396347045898,31.9096355438232,35394.5586547852
"NG","northeast",2018,1,3,90.2384414672852,157.501510620117,36.3486824035645,17519.9512939453
"NG","northeast",2018,1,4,103.160667419434,148.788177490234,46.2865333557129,3587.99340820313
"NG","northeast",2018,1,,144.454727172852,148.723480224609,,3428671.75469971
"NG","northwest",2018,1,1,52.1542701721191,156.561645507813,21.251594543457,2913855.29394531
"NG","northwest",2018,1,2,82.4203338623047,158.687057495117,32.5547828674316,51876.3905029297
"NG","northwest",2018,1,3,88.3818588256836,154.382949829102,37.0709457397461,13892.5745849609
"NG","northwest",2018,1,4,128.953750610352,162.690658569336,49.1365013122559,2537.57312011719
"NG","northwest",2018,1,,,,,6114257.29138184
"NG","southeast",2018,1,1,58.3672294616699,159.028396606445,23.0370826721191,505228.339782715
"NG","southeast",2018,1,2,83.8898773193359,160.179077148438,32.6382446289063,41533.5495300293
"NG","southeast",2018,1,3,94.6582489013672,158.721817016602,37.5584716796875,20419.1887817383
"NG","southeast",2018,1,4,108.747039794922,159.613571166992,42.6447677612305,9128.95922851563
"NG","southeast",2018,1,,,,,867946.434906006
"NG","southsouth",2018,1,1,57.8912010192871,157.967208862305,23.167896270752,1019096.15641785
"NG","southsouth",2018,1,2,80.9793090820313,158.321212768555,32.2447853088379,97289.4482421875
"NG","southsouth",2018,1,3,93.0951843261719,158.10986328125,37.1665420532227,32760.3466033936
"NG","southsouth",2018,1,4,112.999618530273,158.888870239258,44.7754974365234,8569.35580444336
"NG","southsouth",2018,1,,94.8955001831055,109.054977416992,,1874476.56594849
"NG","southwest",2018,1,1,55.9922828674316,158.625762939453,22.2157363891602,543160.041107178
"NG","southwest",2018,1,2,80.4667892456055,160.010375976563,31.3762397766113,38782.4630432129
"NG","southwest",2018,1,3,92.0285110473633,157.212692260742,37.2170066833496,13695.201385498
"NG","southwest",2018,1,4,112.045974731445,160.839172363281,43.2934608459473,4781.12680053711
"NG","southwest",2018,1,,,,,885528.488845825
"NI","Agadez",2012,0,1,57.7936935424805,160.574478149414,22.3808574676514,15734.6319885254
"NI","Agadez",2012,0,2,85.4068450927734,160.873626708984,32.9438934326172,1233.05038452148
"NI","Agadez",2012,0,3,95.7733306884766,160.078887939453,37.3520698547363,764.691877365112
"NI","Agadez",2012,0,4,99.5999984741211,152,43.1100006103516,64.0748596191406
"NI","Agadez",2012,0,,99.9000015258789,170,,21847.6548557281
"NI","Diffa",2012,0,1,54.6576232910156,158.546081542969,21.7242889404297,5455.45942687988
"NI","Diffa",2012,0,2,84.4416198730469,163.851104736328,31.4287624359131,276.0263671875
"NI","Diffa",2012,0,3,103.14013671875,166.594512939453,37.1286010742188,181.512969970703
"NI","Diffa",2012,0,4,114.400001525879,160,44.689998626709,64.2716674804688
"NI","Diffa",2012,0,,,,,8689.0765838623
"NI","Dosso",2012,0,1,60.0670471191406,161.316543579102,22.9918346405029,18058.0616149902
"NI","Dosso",2012,0,2,79.331657409668,158.724487304688,31.4058151245117,2943.76425170898
"NI","Dosso",2012,0,3,102.394538879395,163.016952514648,38.4792556762695,896.919174194336
"NI","Dosso",2012,0,,,,,26635.5314025879
"NI","Maradi",2012,0,1,57.9135208129883,159.425979614258,22.8081607818604,28868.9315338135
"NI","Maradi",2012,0,2,80.0776748657227,159.022338867188,31.6709041595459,1561.86991882324
"NI","Maradi",2012,0,3,91.0999984741211,160,35.5900001525879,323.217803955078
"NI","Maradi",2012,0,,,,,47588.0766601563
"NI","Niamey",2012,0,1,60.6984825134277,161.655807495117,23.1760597229004,109503.610649109
"NI","Niamey",2012,0,2,84.9570770263672,163.096130371094,31.8914699554443,13962.5301437378
"NI","Niamey",2012,0,3,95.9493103027344,159.165679931641,37.6565017700195,6065.95126342773
"NI","Niamey",2012,0,4,118.644348144531,166.694152832031,42.604850769043,1201.45265197754
"NI","Niamey",2012,0,,67.8823013305664,116.966888427734,,181115.380783081
"NI","Tahoua",2012,0,1,59.8083305358887,160.608764648438,23.1178417205811,43933.9250946045
"NI","Tahoua",2012,0,2,82.2399673461914,160.964828491211,31.7126293182373,4313.7635345459
"NI","Tahoua",2012,0,3,94.3103408813477,159.794494628906,36.9350204467773,717.681587219238
"NI","Tahoua",2012,0,4,109.046928405762,159.156646728516,43.0507965087891,594.776947021484
"NI","Tahoua",2012,0,,169.199996948242,162.899993896484,,53581.9976425171
"NI","Tillaberi",2012,0,1,60.0819778442383,162.245559692383,22.7584381103516,8724.90748596191
"NI","Tillaberi",2012,0,2,84.0564041137695,162.817108154297,31.675874710083,1491.03283691406
"NI","Tillaberi",2012,0,3,93.8636169433594,160.951538085938,36.2207183837891,652.798889160156
"NI","Tillaberi",2012,0,,,99.9000015258789,,13060.3667449951
"NI","Zinder",2012,0,1,56.8113975524902,161.723526000977,21.6794414520264,31715.1800994873
"NI","Zinder",2012,0,2,85.121955871582,164.868713378906,31.282735824585,1034.7971572876
"NI","Zinder",2012,0,3,101.057006835938,165.422348022461,36.8891372680664,644.11491394043
"NI","Zinder",2012,0,,,,,44026.2334747314
"NI","Agadez",2012,1,1,58.1385116577148,160.67399597168,22.4628658294678,14485.1675834656
"NI","Agadez",2012,1,2,83.6165466308594,164.689437866211,30.8226375579834,814.241943359375
"NI","Agadez",2012,1,,55.1670989990234,,,17387.5240039825
"NI","Diffa",2012,1,1,56.3961448669434,160.638305664063,21.8365535736084,41385.6749038696
"NI","Diffa",2012,1,4,100.599998474121,158.100006103516,40.25,118.991226196289
"NI","Diffa",2012,1,,,,,48340.2820587158
"NI","Dosso",2012,1,1,56.7682647705078,160.582580566406,21.9761981964111,199830.495193481
"NI","Dosso",2012,1,2,83.4836578369141,162.14143371582,31.6761665344238,5634.59149169922
"NI","Dosso",2012,1,3,97.9030227661133,163.24626159668,36.7625160217285,814.762084960938
"NI","Dosso",2012,1,,,,,202135.752502441
"NI","Maradi",2012,1,1,52.709400177002,158.761581420898,20.8892841339111,338156.561819077
"NI","Maradi",2012,1,2,81.8862991333008,163.322357177734,30.671012878418,1455.67486572266
"NI","Maradi",2012,1,3,97.8180465698242,163.833847045898,36.4336242675781,405.25333404541
"NI","Maradi",2012,1,4,53.2000007629395,99.9000015258789,53.310001373291,656.801879882813
"NI","Maradi",2012,1,,85.2774047851563,162.871810913086,,361222.044742584
"NI","Tahoua",2012,1,1,55.7817001342773,160.635391235352,21.5752868652344,335732.821285248
"NI","Tahoua",2012,1,2,78.2587661743164,157.884429931641,31.3760414123535,6587.94407653809
"NI","Tahoua",2012,1,,69,,,394163.551521301
"NI","Tillaberi",2012,1,1,56.5983009338379,160.862182617188,21.8259258270264,207430.673721313
"NI","Tillaberi",2012,1,2,85.472297668457,164.804229736328,31.4545612335205,3963.51654052734
"NI","Tillaberi",2012,1,4,99.0999984741211,150,44.0400009155273,191.112365722656
"NI","Tillaberi",2012,1,,110.583030700684,151,,224157.103622437
"NI","Zinder",2012,1,1,51.4866905212402,159.050979614258,20.3259162902832,253227.083587646
"NI","Zinder",2012,1,2,78.6272811889648,154.779983520508,32.7247009277344,546.792327880859
"NI","Zinder",2012,1,3,44.0732688903809,106.611946105957,38.7523307800293,853.1826171875
"NI","Zinder",2012,1,4,66.5,106,59.1849975585938,1250.2578125
"NI","Zinder",2012,1,,87.3753051757813,113.659820556641,,357804.848266602
"NP","province1",2016,0,1,51.6416091918945,151.815475463867,22.392463684082,394484.604721069
"NP","province1",2016,0,2,75.0820159912109,153.514633178711,31.8154354095459,27149.705291748
"NP","province1",2016,0,3,86.639518737793,152.371078491211,37.3172798156738,3283.42669677734
"NP","province1",2016,0,,61.5999984741211,,,413060.85710144
"NP","province2",2016,0,1,47.4168128967285,150.866134643555,20.8039379119873,408646.781677246
"NP","province2",2016,0,2,74.304557800293,151.397125244141,32.374626159668,8645.04489135742
"NP","province2",2016,0,3,90.2751693725586,158.335021972656,36.0208778381348,1334.37866210938
"NP","province2",2016,0,,,,,418312.873138428
"NP","province3",2016,0,1,52.5800552368164,152.36979675293,22.6339225769043,650004.088897705
"NP","province3",2016,0,2,72.2549819946289,151.122634887695,31.615104675293,78543.9323425293
"NP","province3",2016,0,3,84.5039978027344,151.549926757813,36.713680267334,8639.74060058594
"NP","province3",2016,0,,,,,693249.882446289
"NP","province4",2016,0,1,52.7780342102051,151.908721923828,22.8564853668213,236834.412765503
"NP","province4",2016,0,2,71.6544036865234,149.876007080078,31.81201171875,19744.9110717773
"NP","province4",2016,0,3,84.1045608520508,152.085708618164,36.2730484008789,2231.96133422852
"NP","province4",2016,0,4,94.0031280517578,147.335845947266,43.3485565185547,1584.74703979492
"NP","province4",2016,0,,,,,252662.77293396
"NP","province5",2016,0,1,50.3207931518555,151.975433349609,21.7726917266846,398642.19708252
"NP","province5",2016,0,2,70.9940185546875,150.182876586914,31.4300937652588,14954.5877990723
"NP","province5",2016,0,3,87.4590606689453,153.289321899414,37.2269515991211,4280.96603393555
"NP","province5",2016,0,,,,,468704.6509552
"NP","province6",2016,0,1,49.8149604797363,151.875640869141,21.566837310791,109874.34778595
"NP","province6",2016,0,2,74.4892044067383,152.451995849609,31.9894351959229,2195.39823150635
"NP","province6",2016,0,3,91.6116104125977,158.686904907227,36.3950500488281,387.347587585449
"NP","province6",2016,0,,,,,104020.548316956
"NP","province7",2016,0,1,48.3557472229004,152.700592041016,20.7282981872559,207830.687271118
"NP","province7",2016,0,2,68.6258392333984,148.025024414063,31.3275985717773,1113.46453857422
"NP","province7",2016,0,3,82.8515853881836,149.927993774414,36.8754615783691,1329.61328125
"NP","province7",2016,0,,,,,210313.360618591
"NP","province1",2016,1,1,49.9636611938477,151.092864990234,21.8358192443848,254072.500610352
"NP","province1",2016,1,2,72.7009124755859,152.055099487305,31.385181427002,7950.41156005859
"NP","province1",2016,1,,,,,284435.229614258
"NP","province2",2016,1,1,46.2725296020508,150.951049804688,20.2819938659668,399648.813842773
"NP","province2",2016,1,2,76.9733734130859,156.207504272461,31.5613918304443,5207.95965576172
"NP","province2",2016,1,,,,,391048.880126953
"NP","province3",2016,1,1,51.4850692749023,150.484649658203,22.7051429748535,157052.43572998
"NP","province3",2016,1,2,71.0295944213867,147.79621887207,32.3340072631836,3137.07208251953
"NP","province3",2016,1,3,80.9000015258789,149.600006103516,36.1500015258789,755.047546386719
"NP","province3",2016,1,4,98.6999969482422,151,43.2900009155273,755.047546386719
"NP","province3",2016,1,,,,,148416.462036133
"NP","province4",2016,1,1,51.650260925293,151.489730834961,22.4906482696533,132844.31439209
"NP","province4",2016,1,2,70.1945266723633,148.853729248047,31.6944046020508,5391.98199462891
"NP","province4",2016,1,3,75.8000030517578,147.100006103516,35.0299987792969,510.749786376953
"NP","province4",2016,1,,,,,144016.169311523
"NP","province5",2016,1,1,48.5057563781738,151.207427978516,21.1740665435791,273082.904602051
"NP","province5",2016,1,2,72.1630172729492,149.057907104492,32.4882278442383,3569.06256103516
"NP","province5",2016,1,3,67.5839233398438,137.610702514648,35.134822845459,1424.30590820313
"NP","province5",2016,1,,,,,283785.940734863
"NP","province6",2016,1,1,47.3289222717285,150.943374633789,20.7579612731934,123101.524200439
"NP","province6",2016,1,2,73.3000030517578,152.800003051758,31.3899993896484,694.188598632813
"NP","province6",2016,1,,,,,121051.812896729
"NP","province7",2016,1,1,48.1163139343262,152.967086791992,20.5534362792969,152100.674804688
"NP","province7",2016,1,2,74.0753326416016,154.831848144531,30.8924350738525,1238.74588012695
"NP","province7",2016,1,3,91.6999969482422,159.399993896484,36.0900001525879,434.16455078125
"NP","province7",2016,1,,,,,155306.217895508
"SN","Dakar",2011,0,1,60.1698875427246,164.286270141602,22.2829303741455,239693.236663818
"SN","Dakar",2011,0,2,85.3364028930664,163.260757446289,31.950023651123,18378.5056152344
"SN","Dakar",2011,0,3,97.5675735473633,163.687805175781,36.2905197143555,5782.26068115234
"SN","Dakar",2011,0,4,128.39372253418,161.417297363281,49.4363174438477,1066.0263671875
"SN","Dakar",2011,0,,194.800003051758,159.815063476563,,458991.705718994
"SN","Diourbel",2011,0,1,57.4651832580566,164.014678955078,21.2652206420898,18982.7005615234
"SN","Diourbel",2011,0,2,83.5409622192383,161.172149658203,32.0799407958984,1055.7321472168
"SN","Diourbel",2011,0,,54.7000007629395,161.600006103516,,34065.0198516846
"SN","Fatick",2011,0,1,58.3624038696289,164.959289550781,21.4917945861816,7460.42602539063
"SN","Fatick",2011,0,2,84.2621536254883,161.787689208984,32.1811485290527,413.399536132813
"SN","Fatick",2011,0,3,108.645698547363,171.479751586914,36.9812889099121,180.178184509277
"SN","Fatick",2011,0,4,114.5,155,47.6599998474121,85.7807846069336
"SN","Fatick",2011,0,,,,,14246.3329162598
"SN","Kaffrine",2011,0,1,56.413703918457,162.563690185547,21.3173904418945,5366.85753250122
"SN","Kaffrine",2011,0,2,90.1958770751953,167.408660888672,32.2163772583008,471.26443862915
"SN","Kaffrine",2011,0,3,91.0999984741211,161.199996948242,35.060001373291,57.576244354248
"SN","Kaffrine",2011,0,4,116.599998474121,166.600006103516,42.0099983215332,68.0343322753906
"SN","Kaffrine",2011,0,,,,,11688.2970352173
"SN","Kaolack",2011,0,1,56.4451942443848,163.736801147461,21.0302600860596,31008.6519546509
"SN","Kaolack",2011,0,2,87.6341018676758,166.467636108398,31.536190032959,1480.68975830078
"SN","Kaolack",2011,0,4,117.699996948242,164.5,43.5,146.98356628418
"SN","Kaolack",2011,0,,,,,49331.5897674561
"SN","Kedougou",2011,0,1,59.1750030517578,161.750030517578,22.5343360900879,1477.9659576416
"SN","Kedougou",2011,0,2,83.4000015258789,165.100006103516,30.6000003814697,33.1960716247559
"SN","Kedougou",2011,0,3,98.1999969482422,164.899993896484,36.1100006103516,21.4386901855469
"SN","Kedougou",2011,0,,,,,3892.67318344116
"SN","Kolda",2011,0,1,56.661548614502,160.736312866211,21.9352378845215,8208.08097076416
"SN","Kolda",2011,0,2,80.1483993530273,159.312301635742,31.5419216156006,329.726852416992
"SN","Kolda",2011,0,3,93.3330535888672,159.56591796875,36.6758651733398,270.950134277344
"SN","Kolda",2011,0,4,126.514175415039,161.615737915039,47.9693641662598,165.528091430664
"SN","Kolda",2011,0,,,,,18727.0808486938
"SN","Louga",2011,0,1,56.1978340148926,164.082717895508,20.7967300415039,13411.5978393555
"SN","Louga",2011,0,2,82.8328247070313,163.759048461914,30.8041763305664,363.014465332031
"SN","Louga",2011,0,3,99.5,168.5,35.0400009155273,84.7501220703125
"SN","Louga",2011,0,,156.199996948242,157,,28525.9833068848
"SN","Matam",2011,0,1,57.3575477600098,164.527420043945,21.1582851409912,11347.502494812
"SN","Matam",2011,0,2,85.9542617797852,164.321258544922,31.8281879425049,882.215328216553
"SN","Matam",2011,0,3,94.7979354858398,157.33772277832,38.303581237793,119.66809463501
"SN","Matam",2011,0,4,169.300003051758,175,55.2799987792969,84.8676910400391
"SN","Matam",2011,0,,171,105.699996948242,,19915.0092506409
"SN","Saint-Louis",2011,0,1,56.3856353759766,163.567352294922,21.1022300720215,30305.1600952148
"SN","Saint-Louis",2011,0,2,84.5217971801758,162.989013671875,31.7548561096191,2158.34507751465
"SN","Saint-Louis",2011,0,3,98.0026626586914,162.709411621094,37.0063514709473,1565.5348815918
"SN","Saint-Louis",2011,0,4,107.699996948242,162.300003051758,40.8899993896484,263.900177001953
"SN","Saint-Louis",2011,0,,,,,65479.1020507813
"SN","Sedhiou",2011,0,1,55.7991256713867,160.43049621582,21.6273918151855,5266.24004745483
"SN","Sedhiou",2011,0,2,85.1360321044922,162.662490844727,32.0360946655273,230.786020278931
"SN","Sedhiou",2011,0,3,105.400001525879,167.5,37.5699996948242,60.842601776123
"SN","Sedhiou",2011,0,,,,,9588.29900360107
"SN","Tambacounda",2011,0,1,56.3026695251465,162.048156738281,21.4195346832275,9273.30987548828
"SN","Tambacounda",2011,0,2,82.1496200561523,161.417282104492,31.4703388214111,1460.48614501953
"SN","Tambacounda",2011,0,3,103.582313537598,166.568267822266,37.3776931762695,600.941268920898
"SN","Tambacounda",2011,0,,,,,24702.7185821533
"SN","This",2011,0,1,59.2134704589844,164.752075195313,21.7819423675537,68006.7514343262
"SN","This",2011,0,2,90.0709381103516,167.535385131836,32.0413551330566,4317.52247619629
"SN","This",2011,0,3,80.1999969482422,148.5,36.3699989318848,375.848205566406
"SN","This",2011,0,4,54.0999984741211,104.699996948242,49.3499984741211,264.9306640625
"SN","This",2011,0,,55.424633026123,169.600006103516,,116590.947509766
"SN","Ziguinchor",2011,0,1,57.539176940918,160.593170166016,22.2782764434814,19899.6031646729
"SN","Ziguinchor",2011,0,2,83.9824295043945,162.335678100586,31.8475208282471,1664.85465240479
"SN","Ziguinchor",2011,0,3,95.5444717407227,159.333084106445,37.6158828735352,787.206611633301
"SN","Ziguinchor",2011,0,4,152,161,58.6399993896484,136.528030395508
"SN","Ziguinchor",2011,0,,171,166.699996948242,,37500.5849609375
"SN","Dakar",2011,1,1,58.5434074401855,163.740921020508,21.7917919158936,5661.14498901367
"SN","Dakar",2011,1,2,92.7817306518555,168.268096923828,32.7722549438477,493.487365722656
"SN","Dakar",2011,1,3,93.8000030517578,161.199996948242,36.0999984741211,65.8914642333984
"SN","Dakar",2011,1,,,,,12128.1341552734
"SN","Diourbel",2011,1,1,55.530632019043,164.540618896484,20.4857311248779,98594.5340576172
"SN","Diourbel",2011,1,2,90.8493041992188,166.827133178711,32.6195907592773,1568.10307312012
"SN","Diourbel",2011,1,3,100.5,165.199996948242,36.8300018310547,221.00114440918
"SN","Diourbel",2011,1,,53.2999992370605,,,182404.179016113
"SN","Fatick",2011,1,1,57.0289497375488,163.018798828125,21.4625625610352,41848.3218231201
"SN","Fatick",2011,1,2,85.8481521606445,163.520355224609,32.0762748718262,1262.7098236084
"SN","Fatick",2011,1,3,94.0497131347656,162.170822143555,35.7490692138672,237.248466491699
"SN","Fatick",2011,1,4,104.63143157959,159.185745239258,41.2965545654297,280.289833068848
"SN","Fatick",2011,1,,,,,64418.0316619873
"SN","Kaffrine",2011,1,1,55.2874145507813,162.978851318359,20.7997646331787,33961.1571960449
"SN","Kaffrine",2011,1,2,85.2724151611328,161.623153686523,32.5281791687012,521.479141235352
"SN","Kaffrine",2011,1,4,161,169,56.3699989318848,78.6949768066406
"SN","Kaffrine",2011,1,,,,,51900.0714874268
"SN","Kaolack",2011,1,1,57.4518089294434,163.300537109375,21.5058345794678,48716.0989227295
"SN","Kaolack",2011,1,2,87.2051315307617,165.296524047852,31.891565322876,915.230667114258
"SN","Kaolack",2011,1,,145.100006103516,153.5,,81689.052444458
"SN","Kedougou",2011,1,1,53.4323272705078,160.102172851563,20.8049793243408,5816.22919464111
"SN","Kedougou",2011,1,,16.1000003814697,121.5,,9779.33922576904
"SN","Kolda",2011,1,1,52.469310760498,159.650238037109,20.5587749481201,33816.4813919067
"SN","Kolda",2011,1,2,79.754997253418,157.726745605469,32.0471153259277,988.829307556152
"SN","Kolda",2011,1,,112.050003051758,155.300003051758,,53969.8859710693
"SN","Louga",2011,1,1,53.7011947631836,163.79052734375,19.982723236084,58146.0018310547
"SN","Louga",2011,1,2,80.1234664916992,158.541076660156,31.7701015472412,2012.80880737305
"SN","Louga",2011,1,4,162.5,166.5,58.6199989318848,150.35530090332
"SN","Louga",2011,1,,,,,102921.350021362
"SN","Matam",2011,1,1,55.0711364746094,163.770736694336,20.5000648498535,26074.7369117737
"SN","Matam",2011,1,2,88.4379730224609,165.561416625977,32.1852531433105,760.437488555908
"SN","Matam",2011,1,4,63.6787605285645,115.233039855957,47.6789932250977,152.118518829346
"SN","Matam",2011,1,,21.7000007629395,135.300003051758,,48872.1640777588
"SN","Saint-Louis",2011,1,1,56.477668762207,162.926193237305,21.2331027984619,27980.1884689331
"SN","Saint-Louis",2011,1,2,89.073616027832,166.982360839844,31.9095401763916,899.320426940918
"SN","Saint-Louis",2011,1,3,100.328948974609,160.032897949219,39.1151313781738,165.938682556152
"SN","Saint-Louis",2011,1,,28.5,154.699996948242,,59367.7374954224
"SN","Sedhiou",2011,1,1,52.7890396118164,158.506256103516,21.004056930542,22282.9247169495
"SN","Sedhiou",2011,1,2,83.7111129760742,161.69123840332,31.9275856018066,806.989086151123
"SN","Sedhiou",2011,1,3,91.0999984741211,155.199996948242,37.8199996948242,80.9645233154297
"SN","Sedhiou",2011,1,,51,155,,43250.8377952576
"SN","Tambacounda",2011,1,1,55.3261375427246,162.605087280273,20.8683662414551,33583.4190673828
"SN","Tambacounda",2011,1,2,82.6898956298828,162.436630249023,31.3339347839355,570.894317626953
"SN","Tambacounda",2011,1,3,101.56273651123,164.988922119141,37.3180503845215,176.63663482666
"SN","Tambacounda",2011,1,,,,,61546.6913070679
"SN","This",2011,1,1,57.0278091430664,164.277130126953,21.0995578765869,64731.9018096924
"SN","This",2011,1,2,82.1319427490234,160.754608154297,31.8275337219238,1527.53402709961
"SN","This",2011,1,3,98,167,35.1399993896484,290.035369873047
"SN","This",2011,1,4,54.2999992370605,96.8000030517578,57.9500007629395,275.849029541016
"SN","This",2011,1,,82.6999969482422,80.1999969482422,,113072.136978149
"SN","Ziguinchor",2011,1,1,55.2507858276367,160.226806640625,21.5195140838623,18123.3816833496
"SN","Ziguinchor",2011,1,2,79.9357833862305,158.768661499023,31.7136459350586,848.02318572998
"SN","Ziguinchor",2011,1,,,,,26826.0547866821
"UG","acholi",2016,0,1,58.4655685424805,161.716735839844,22.3119106292725,35181.2310791016
"UG","acholi",2016,0,,,,,71362.3840942383
"UG","ankole",2016,0,1,56.353515625,156.16032409668,23.0694541931152,57469.0415344238
"UG","ankole",2016,0,2,81.9355773925781,158.420654296875,32.5881271362305,5287.76794433594
"UG","ankole",2016,0,3,95.6999969482422,156.899993896484,38.8499984741211,613.657836914063
"UG","ankole",2016,0,,,,,144640.38671875
"UG","bugishu",2016,0,1,57.1188316345215,157.68913269043,22.8845043182373,21840.5146789551
"UG","bugishu",2016,0,2,88.5,169.5,30.7999992370605,470.298217773438
"UG","bugishu",2016,0,,,161.962493896484,,80975.3240356445
"UG","bukedi",2016,0,1,57.59228515625,160.680709838867,22.3092708587646,17847.0072631836
"UG","bukedi",2016,0,2,81.4312057495117,156.790725708008,33.1047782897949,1513.84466552734
"UG","bukedi",2016,0,3,98.3215560913086,164.38410949707,36.3546981811523,2448.16656494141
"UG","bukedi",2016,0,,,,,56374.1617431641
"UG","bunyoro",2016,0,1,58.7144355773926,160.122970581055,22.8895053863525,23923.136428833
"UG","bunyoro",2016,0,2,77.2234954833984,156.28303527832,31.5452766418457,3188.61108398438
"UG","bunyoro",2016,0,3,90.4499969482422,157.200012207031,36.5849990844727,928.813903808594
"UG","bunyoro",2016,0,,,,,62954.8500976563
"UG","busoga",2016,0,1,58.2533798217773,158.542114257813,23.1711883544922,41070.3601074219
"UG","busoga",2016,0,2,79.9436111450195,161.341186523438,30.7108993530273,1169.84802246094
"UG","busoga",2016,0,3,85.6999969482422,156.399993896484,35.0400009155273,586.945068359375
"UG","busoga",2016,0,,,,,92005.2822570801
"UG","central1",2016,0,1,57.4558601379395,156.781860351563,23.3450145721436,137643.11057663
"UG","central1",2016,0,2,80.9363327026367,159.282302856445,31.8474578857422,23648.3464565277
"UG","central1",2016,0,3,91.9562225341797,158.74137878418,36.418830871582,7376.73812866211
"UG","central1",2016,0,4,105.400001525879,157.899993896484,42.2700004577637,2577.85986328125
"UG","central1",2016,0,,,,,348500.553928375
"UG","central2",2016,0,1,57.3139991760254,157.992721557617,22.9184036254883,80875.6064434052
"UG","central2",2016,0,2,77.344970703125,154.594833374023,32.2294273376465,9717.24671936035
"UG","central2",2016,0,3,92.4000015258789,152.600006103516,39.6800003051758,775.725830078125
"UG","central2",2016,0,4,111.076499938965,160.743865966797,42.9586143493652,1528.78942871094
"UG","central2",2016,0,,,,,191513.181377411
"UG","kampala",2016,0,1,59.0268135070801,158.493545532227,23.4621028900146,132825.181453705
"UG","kampala",2016,0,2,80.9679336547852,158.415435791016,32.2516975402832,20747.8978881836
"UG","kampala",2016,0,3,94.7019424438477,157.09016418457,38.3438262939453,4361.03970336914
"UG","kampala",2016,0,4,97.6570205688477,154.674072265625,40.7824668884277,2429.20770263672
"UG","kampala",2016,0,,,,,353039.205413818
"UG","karamoja",2016,0,1,55.0174331665039,164.81266784668,20.2489757537842,11273.9344406128
"UG","karamoja",2016,0,,,,,25892.5829772949
"UG","kigezi",2016,0,1,60.1470947265625,157.793762207031,24.1224746704102,14873.2405395508
"UG","kigezi",2016,0,2,82.5795822143555,160.475006103516,32.0026206970215,1757.71792602539
"UG","kigezi",2016,0,3,91.5839080810547,160.787384033203,35.4048004150391,664.010864257813
"UG","kigezi",2016,0,,,,,43554.2249755859
"UG","lango",2016,0,1,58.4676971435547,164.860137939453,21.4909343719482,12033.4437561035
"UG","lango",2016,0,3,100.400001525879,168.399993896484,35.4000015258789,353.103790283203
"UG","lango",2016,0,,,,,30261.0670776367
"UG","teso",2016,0,1,60.5590133666992,162.374526977539,22.9870891571045,25035.2780456543
"UG","teso",2016,0,2,82.5,159.199996948242,32.5499992370605,875.409851074219
"UG","teso",2016,0,3,98.1999969482422,158.300003051758,39.189998626709,875.409851074219
"UG","teso",2016,0,,,,,43983.7511901855
"UG","tooro",2016,0,1,56.3458709716797,156.088424682617,23.0222034454346,48144.9588012695
"UG","tooro",2016,0,2,82.8881912231445,160.613006591797,31.9776401519775,2856.08325195313
"UG","tooro",2016,0,3,93.6999969482422,159.75,36.7200012207031,1101.10986328125
"UG","tooro",2016,0,4,116.5,157.199996948242,47.1399993896484,469.915466308594
"UG","tooro",2016,0,,,,,93255.0397033691
"UG","westnile",2016,0,1,57.4520645141602,161.886383056641,21.8698768615723,20999.3908996582
"UG","westnile",2016,0,2,81.6523895263672,158.098937988281,32.6070747375488,543.977783203125
"UG","westnile",2016,0,,,,,58381.1615600586
"UG","acholi",2016,1,1,54.5321960449219,162.04573059082,20.7281017303467,114577.395721436
"UG","acholi",2016,1,2,86.0270004272461,168.688186645508,30.2255249023438,1013.99746704102
"UG","acholi",2016,1,3,89.1999969482422,159.5,35.0400009155273,333.940551757813
"UG","acholi",2016,1,4,113.199996948242,164,42.0900001525879,525.526428222656
"UG","acholi",2016,1,,,,,240140.943527222
"UG","ankole",2016,1,1,56.4689445495605,157.121551513672,22.8235702514648,171927.572875977
"UG","ankole",2016,1,2,77.0950393676758,156.125549316406,31.5880756378174,6991.83877563477
"UG","ankole",2016,1,3,89.8933486938477,155.317520141602,37.2645454406738,2225.22808837891
"UG","ankole",2016,1,4,122.340118408203,167.820281982422,43.3966941833496,1457.65200805664
"UG","ankole",2016,1,,,,,359712.400390625
"UG","bugishu",2016,1,1,54.5206108093262,157.55908203125,21.9419898986816,113184.287216187
"UG","bugishu",2016,1,3,80.5224380493164,147.641662597656,36.9228630065918,749.940887451172
"UG","bugishu",2016,1,,,157.259506225586,,244036.606399536
"UG","bukedi",2016,1,1,56.0081481933594,160.191467285156,21.7842044830322,158769.330078125
"UG","bukedi",2016,1,2,84.0268325805664,159.016311645508,33.2121696472168,4075.87847900391
"UG","bukedi",2016,1,3,107,164.899993896484,39.3499984741211,484.927429199219
"UG","bukedi",2016,1,,,,,344342.313934326
"UG","bunyoro",2016,1,1,54.7549324035645,156.512451171875,22.3123722076416,123470.927154541
"UG","bunyoro",2016,1,2,79.1891174316406,158.201034545898,31.6407260894775,6340.45761108398
"UG","bunyoro",2016,1,3,89.3698348999023,155.877746582031,36.7641181945801,785.065490722656
"UG","bunyoro",2016,1,4,117.835670471191,168.136672973633,41.5226058959961,510.211883544922
"UG","bunyoro",2016,1,,,,,285849.801376343
"UG","busoga",2016,1,1,56.8206520080566,159.720611572266,22.2398262023926,229062.636962891
"UG","busoga",2016,1,2,79.3098449707031,158.411880493164,31.5429134368896,9121.3483581543
"UG","busoga",2016,1,3,78.4000015258789,148.899993896484,35.3600006103516,736.484008789063
"UG","busoga",2016,1,,,,,473004.329906464
"UG","central1",2016,1,1,56.2599258422852,156.603820800781,22.881778717041,201558.311416626
"UG","central1",2016,1,2,79.1469955444336,158.61848449707,31.4054489135742,21761.4474334717
"UG","central1",2016,1,3,95.937629699707,161.023300170898,36.8980445861816,11453.382144928
"UG","central1",2016,1,4,105.300003051758,154.300003051758,44.2299995422363,569.212646484375
"UG","central1",2016,1,,71.9000015258789,,,494258.028045654
"UG","central2",2016,1,1,56.7092590332031,157.511932373047,22.8167343139648,206963.828800201
"UG","central2",2016,1,2,78.5194091796875,157.004516601563,31.8279685974121,17573.7122001648
"UG","central2",2016,1,3,91.1854629516602,157.752838134766,36.619457244873,3749.01798439026
"UG","central2",2016,1,4,124.400001525879,164.266662597656,45.9733352661133,2481.60021972656
"UG","central2",2016,1,,,,,468161.711936951
"UG","karamoja",2016,1,1,52.2600326538086,162.024215698242,19.8904705047607,47877.4278030396
"UG","karamoja",2016,1,,,,,97643.3481445313
"UG","kigezi",2016,1,1,57.5942649841309,158.077667236328,23.034122467041,92255.674407959
"UG","kigezi",2016,1,2,75.0072937011719,155.947708129883,30.7945404052734,3286.41870117188
"UG","kigezi",2016,1,3,97,162.399993896484,36.7799987792969,379.383239746094
"UG","kigezi",2016,1,,,,,209742.000869751
"UG","lango",2016,1,1,55.0130996704102,161.07926940918,21.1766700744629,163504.564834595
"UG","lango",2016,1,2,84.3000030517578,167,30.2099990844727,382.607696533203
"UG","lango",2016,1,3,93.9104843139648,157.073013305664,38.012077331543,935.477233886719
"UG","lango",2016,1,4,54.7774658203125,111.690773010254,43.9814376831055,1182.1696472168
"UG","lango",2016,1,,,,,297193.449951172
"UG","teso",2016,1,1,55.3077392578125,161.854827880859,21.094690322876,155825.406112671
"UG","teso",2016,1,2,81.4425048828125,159.94221496582,31.762035369873,2724.95248413086
"UG","teso",2016,1,3,92.1641235351563,160.675720214844,35.6148872375488,1124.33267211914
"UG","teso",2016,1,,,,,319904.013748169
"UG","tooro",2016,1,1,54.8740119934082,154.752899169922,22.8823680877686,164801.903961182
"UG","tooro",2016,1,2,79.4572906494141,157.922958374023,31.7988014221191,8474.28219604492
"UG","tooro",2016,1,3,88.4730606079102,152.502960205078,38.0217666625977,2084.95404052734
"UG","tooro",2016,1,,,,,358586.414886475
"UG","westnile",2016,1,1,54.0517654418945,159.854736328125,21.112756729126,172678.629425049
"UG","westnile",2016,1,2,76.8629913330078,156.388397216797,31.4073028564453,1114.94192504883
"UG","westnile",2016,1,3,52.5,115.099998474121,39.6300010681152,1011.56506347656
"UG","westnile",2016,1,,,162.100006103516,,370234.740341187
